File ID	File Name	Data Category	Data Type	Project ID	Case ID	Sample ID	Sample Type
0c20e31c-7ab9-4aed-8248-adf954154d30	fc6350f5-cb68-47e6-8e9b-9a6b09ce16a6.htseq_counts.txt.gz	Transcriptome Profiling	Gene Expression Quantification	CPTAC-3	C3L-02665, C3L-02665, C3L-02665, C3L-02665, C3L-02665	C3L-02665-03, C3L-02665-01, C3L-02665-02, C3L-02665-04, C3L-02665-05	Primary Tumor, Primary Tumor, Primary Tumor, Primary Tumor, Primary Tumor
444b7d1f-0882-40d0-a607-97af50101ae2	9e6d6e70-5422-48f4-8e04-35874968dd21.htseq_counts.txt.gz	Transcriptome Profiling	Gene Expression Quantification	CPTAC-3	C3L-02669, C3L-02669, C3L-02669	C3L-02669-03, C3L-02669-02, C3L-02669-01	Primary Tumor, Primary Tumor, Primary Tumor
817cbdee-64c0-42c6-869a-5c9d4ca909a4	83376ea4-0c90-4346-8de5-06d5bd88780c.htseq_counts.txt.gz	Transcriptome Profiling	Gene Expression Quantification	CPTAC-3	C3N-02002	C3N-02002-01	Solid Tissue Normal
0428d3b5-b5e6-4516-a1ba-05fbf9a8d567	9049869c-45bf-4d78-b6ec-e4b98238a92c.htseq_counts.txt.gz	Transcriptome Profiling	Gene Expression Quantification	CPTAC-3	C3N-02523, C3N-02523	C3N-02523-04, C3N-02523-03	Solid Tissue Normal, Solid Tissue Normal
71567a3e-46c7-4815-9ac7-9c124ce64adf	bd20317f-9713-4d29-90aa-f08e993b1688.htseq_counts.txt.gz	Transcriptome Profiling	Gene Expression Quantification	CPTAC-3	C3N-02087	C3N-02087-06	Solid Tissue Normal
8ad0771f-f92c-4591-b77c-751d92a5dbda	713a8b30-8821-4cdf-a222-441105bb7ccf.htseq_counts.txt.gz	Transcriptome Profiling	Gene Expression Quantification	CPTAC-3	C3N-00546	C3N-00546-01	Primary Tumor
fc36b85f-6fb4-4f43-aac7-f6c3aee70339	0f198e92-6f94-4ce9-a833-a86f7a5ab3ae.htseq_counts.txt.gz	Transcriptome Profiling	Gene Expression Quantification	CPTAC-3	C3N-00572	C3N-00572-04	Primary Tumor
0230fa94-0293-4103-8d0d-a767bbe58d88	a8fae99f-c81f-4d63-aa13-a63a430180f6.htseq_counts.txt.gz	Transcriptome Profiling	Gene Expression Quantification	CPTAC-3	C3N-01414	C3N-01414-06	Solid Tissue Normal
66850af4-27d0-4184-a08c-8190d1f9924f	0f65f6db-4456-4c24-8ad7-a7ca0e125aa8.htseq_counts.txt.gz	Transcriptome Profiling	Gene Expression Quantification	CPTAC-3	C3N-02289	C3N-02289-09	Solid Tissue Normal
aae874d3-4270-460e-86c9-a837386839e1	3f3f903a-4ca2-4c36-854f-3f61f0602ec1.htseq_counts.txt.gz	Transcriptome Profiling	Gene Expression Quantification	CPTAC-3	C3L-04014	C3L-04014-02	Primary Tumor
007efeed-85a4-4bf2-b9bf-50f345032bda	4da8c3b8-ac49-4e2b-8ae3-89ab3a0dff02.htseq_counts.txt.gz	Transcriptome Profiling	Gene Expression Quantification	CPTAC-3	C3N-00180	C3N-00180-06	Solid Tissue Normal
afdb2a5f-381a-4fe7-a6f2-e9159d6347ff	6ceef9b7-ef03-4563-8dcc-464860cd9350.htseq_counts.txt.gz	Transcriptome Profiling	Gene Expression Quantification	CPTAC-3	C3N-03851	C3N-03851-03	Solid Tissue Normal
93ce4bfd-5734-4331-8df8-280d4217dc1f	41839c8f-2bac-4a7a-a193-db056e6e0d6f.htseq_counts.txt.gz	Transcriptome Profiling	Gene Expression Quantification	CPTAC-3	C3N-00555	C3N-00555-07	Solid Tissue Normal
abbdb598-211e-46af-ae35-4ac0d5ea1f41	0b393221-da25-4053-8566-84fea6f4dc99.htseq_counts.txt.gz	Transcriptome Profiling	Gene Expression Quantification	CPTAC-3	C3N-03076	C3N-03076-02	Primary Tumor
47819fb2-a534-4aae-9d28-5e1c193c78d9	e82ac1de-e840-4672-9709-9ddc88d84c4c.htseq_counts.txt.gz	Transcriptome Profiling	Gene Expression Quantification	CPTAC-3	C3L-02665, C3L-02665, C3L-02665	C3L-02665-06, C3L-02665-08, C3L-02665-07	Solid Tissue Normal, Solid Tissue Normal, Solid Tissue Normal
4a321413-90b9-4af3-9b11-acd56379cf07	3fab9f23-4e9b-46ca-9996-73cb38ab4911.htseq_counts.txt.gz	Transcriptome Profiling	Gene Expression Quantification	CPTAC-3	C3N-01893	C3N-01893-02	Primary Tumor
20831725-db1c-4a7a-b4d3-9a8a589b731a	46f3aabe-ab50-4abe-8e1e-d00c84b975ec.htseq_counts.txt.gz	Transcriptome Profiling	Gene Expression Quantification	CPTAC-3	C3L-02625	C3L-02625-04	Primary Tumor
3d768e50-f882-47fa-9596-3344bbe71377	498e506b-aa52-4f15-8800-e69e23ee8f6f.htseq_counts.txt.gz	Transcriptome Profiling	Gene Expression Quantification	CPTAC-3	C3N-03092	C3N-03092-05	Solid Tissue Normal
b8a40dbd-b3a0-48b1-9a11-410f30221337	27c120e6-eec9-4bd7-816f-9fd2605d7bc9.htseq_counts.txt.gz	Transcriptome Profiling	Gene Expression Quantification	CPTAC-3	C3L-01889	C3L-01889-06	Solid Tissue Normal
010abe83-44d7-4f89-9cbc-93ef3bf80f6d	dc2be50a-74f6-4bb2-b12d-7be72edac990.htseq_counts.txt.gz	Transcriptome Profiling	Gene Expression Quantification	CPTAC-3	C3N-04124, C3N-04124	C3N-04124-01, C3N-04124-02	Primary Tumor, Primary Tumor
7e4ea14e-e791-4d18-ada4-5aad3d5bf547	42f0be90-4545-4862-9980-aa1218789a4b.htseq_counts.txt.gz	Transcriptome Profiling	Gene Expression Quantification	CPTAC-3	C3N-00199	C3N-00199-02	Primary Tumor
70085715-b814-4de6-a3d8-6115d229d661	b3621c90-12fd-4d48-b237-b205ad364b26.htseq_counts.txt.gz	Transcriptome Profiling	Gene Expression Quantification	CPTAC-3	C3L-00412	C3L-00412-01	Primary Tumor
6ed269f7-5cd9-479f-9996-938578816e4c	f8bb6483-1660-4de6-aa51-5392587550db.htseq_counts.txt.gz	Transcriptome Profiling	Gene Expression Quantification	CPTAC-3	C3N-00545	C3N-00545-06	Solid Tissue Normal
c798d972-20b4-4abe-8352-df5386caef26	8bac45d8-910a-44a7-b841-d09d9a290af4.htseq_counts.txt.gz	Transcriptome Profiling	Gene Expression Quantification	CPTAC-3	C3N-02145	C3N-02145-03	Primary Tumor
88c83cea-cc81-4e48-8660-8597618c68d0	e7f4f82a-f348-4b87-9c8c-88aa048a52f3.htseq_counts.txt.gz	Transcriptome Profiling	Gene Expression Quantification	CPTAC-3	C3N-02575	C3N-02575-03	Solid Tissue Normal
0d4e7163-4494-45b6-826b-bd02c61c7d93	322ecafd-825f-43f0-acf5-91205c3b5b71.htseq_counts.txt.gz	Transcriptome Profiling	Gene Expression Quantification	CPTAC-3	C3L-02168	C3L-02168-07	Solid Tissue Normal
f5713090-2797-40e0-ab9b-e149a9a927b0	62dbce24-b328-4724-bba8-1f587bc69880.htseq_counts.txt.gz	Transcriptome Profiling	Gene Expression Quantification	CPTAC-3	C3L-02349	C3L-02349-06	Solid Tissue Normal
b82672e9-1719-429f-a2fd-59f8f53e3706	dfc55345-3cec-4a8c-8048-b7891065daa1.htseq_counts.txt.gz	Transcriptome Profiling	Gene Expression Quantification	CPTAC-3	C3N-01799	C3N-01799-07	Solid Tissue Normal
0b25a681-c196-44a8-9375-6e6f6237e6d3	92d64dfd-2cd3-4a54-95d3-2580bea71925.htseq_counts.txt.gz	Transcriptome Profiling	Gene Expression Quantification	CPTAC-3	C3N-01020	C3N-01020-01	Primary Tumor
bf285b19-4eb8-4a6c-86b2-e263eeb08aeb	31160d3d-5285-48cb-ac6e-1b252b18f423.htseq_counts.txt.gz	Transcriptome Profiling	Gene Expression Quantification	CPTAC-3	C3N-01413	C3N-01413-06	Solid Tissue Normal
30432806-48d9-4650-8012-2fcb4f7b26ec	34f4f445-a4c1-48f5-bdd7-c4ea32c57b68.htseq_counts.txt.gz	Transcriptome Profiling	Gene Expression Quantification	CPTAC-3	C3L-04013	C3L-04013-06	Solid Tissue Normal
8221e588-e8c3-45a3-b4ff-eccfe8172d07	76af89bc-313c-4758-aab8-e383ee815948.htseq_counts.txt.gz	Transcriptome Profiling	Gene Expression Quantification	CPTAC-3	C3N-04162	C3N-04162-03	Primary Tumor
2b28f85f-de48-40ea-b7dd-993839d07a33	51bcdfda-25b8-4f51-9a40-1f1141abfd65.htseq_counts.txt.gz	Transcriptome Profiling	Gene Expression Quantification	CPTAC-3	C3L-01924, C3L-01924	C3L-01924-03, C3L-01924-05	Primary Tumor, Primary Tumor
7e0b64ee-43f8-4eb8-a0c3-89532e5a02ce	e6be1fd4-832b-4250-806e-33cd4d650b00.htseq_counts.txt.gz	Transcriptome Profiling	Gene Expression Quantification	CPTAC-3	C3N-02000, C3N-02000	C3N-02000-02, C3N-02000-01	Primary Tumor, Primary Tumor
89dd2f10-d4d2-4458-b570-07ed4dfad429	09b07cb0-0066-4987-8c13-a32e9fc22c64.htseq_counts.txt.gz	Transcriptome Profiling	Gene Expression Quantification	CPTAC-3	C3N-04162	C3N-04162-06	Solid Tissue Normal
7247bf72-cbd6-4519-b76f-0fb03f7e5cf4	6841deba-5917-4c46-92d5-902bd7f8a0da.htseq_counts.txt.gz	Transcriptome Profiling	Gene Expression Quantification	CPTAC-3	C3N-00559	C3N-00559-01	Primary Tumor
67607a91-f29c-4f66-b8c3-ac3d722df5fc	a93facc0-b6bf-46b4-8fd5-24b13ed6896d.htseq_counts.txt.gz	Transcriptome Profiling	Gene Expression Quantification	CPTAC-3	C3N-01799	C3N-01799-02	Primary Tumor
a2a8c208-58a4-41a8-968e-393c6e28ba9f	db1f1af9-2b1d-4ec7-878d-85e38c1ed942.htseq_counts.txt.gz	Transcriptome Profiling	Gene Expression Quantification	CPTAC-3	C3N-02494	C3N-02494-04	Solid Tissue Normal
c9d5783f-a58a-4e92-9c3d-767387a08bd2	d952f72e-14dc-4a04-9370-78f7e1158617.htseq_counts.txt.gz	Transcriptome Profiling	Gene Expression Quantification	CPTAC-3	C3N-01892	C3N-01892-09	Primary Tumor
7ff20bcf-7810-415b-ba80-7c1a9a5033db	f02d9de3-13b1-49c2-9cef-29550ae49d27.htseq_counts.txt.gz	Transcriptome Profiling	Gene Expression Quantification	CPTAC-3	C3L-02649	C3L-02649-04	Primary Tumor
e86ee445-d9e7-4821-9d35-dc5a9534fbe6	3a4b7480-b0cb-479f-9ef0-ba0a206f70df.htseq_counts.txt.gz	Transcriptome Profiling	Gene Expression Quantification	CPTAC-3	C3N-00167	C3N-00167-02	Primary Tumor
d4b4eae1-7677-4168-bdb2-0408d9605741	4a41164b-1849-431a-b54e-e54b55065a81.htseq_counts.txt.gz	Transcriptome Profiling	Gene Expression Quantification	CPTAC-3	C3L-02549	C3L-02549-02	Primary Tumor
22a20e72-711c-4713-8d54-6eaaf93e50f3	44d7f8a6-06f5-4ad2-bcb1-a3ee839eed73.htseq_counts.txt.gz	Transcriptome Profiling	Gene Expression Quantification	CPTAC-3	C3L-00279	C3L-00279-05	Solid Tissue Normal
69261aeb-b2fe-45ee-af19-9c75fca65d63	340bc37f-73c9-430b-ae2f-362398514ce4.htseq_counts.txt.gz	Transcriptome Profiling	Gene Expression Quantification	CPTAC-3	C3N-01892	C3N-01892-10	Solid Tissue Normal
874ed800-7be6-48e7-8f2c-e668ce874dea	a3622cea-1619-4cf2-8a63-e8c913f6c99d.htseq_counts.txt.gz	Transcriptome Profiling	Gene Expression Quantification	CPTAC-3	C3L-02669, C3L-02669, C3L-02669	C3L-02669-06, C3L-02669-08, C3L-02669-07	Solid Tissue Normal, Solid Tissue Normal, Solid Tissue Normal
e342babe-0ad6-46cd-9a0d-5448923651a9	fc404e02-b6b9-4a84-8ea6-ef1fb1c0e3ee.htseq_counts.txt.gz	Transcriptome Profiling	Gene Expression Quantification	CPTAC-3	C3L-00568	C3L-00568-01	Primary Tumor
5107b49b-8072-459c-b62c-1a47330c4ad2	e075cf37-045c-4ce2-a193-ba0a11be3153.htseq_counts.txt.gz	Transcriptome Profiling	Gene Expression Quantification	CPTAC-3	C3N-00580	C3N-00580-06	Solid Tissue Normal
fd231b2d-e742-42e5-872c-913d9903c33f	363c1bf5-7699-44d6-a168-e50bd40a2a64.htseq_counts.txt.gz	Transcriptome Profiling	Gene Expression Quantification	CPTAC-3	C3N-02572, C3N-02572	C3N-02572-01, C3N-02572-02	Primary Tumor, Primary Tumor
bbe678e7-65f6-4ed8-9a7c-39f3c34e052a	ca2de442-deb3-4b75-b581-f35a0e20bcf9.htseq_counts.txt.gz	Transcriptome Profiling	Gene Expression Quantification	CPTAC-3	C3N-00738	C3N-00738-01	Primary Tumor
27593f53-7237-4a7c-a17f-81bc76c18fda	beb742e8-63ed-46f8-b463-f5254a845991.htseq_counts.txt.gz	Transcriptome Profiling	Gene Expression Quantification	CPTAC-3	C3N-02426, C3N-02426	C3N-02426-02, C3N-02426-01	Primary Tumor, Primary Tumor
ec0f97cb-4b93-42ac-baa5-37c9a52e39c0	a745fd98-d82a-45be-89ea-5ea986dcb732.htseq_counts.txt.gz	Transcriptome Profiling	Gene Expression Quantification	CPTAC-3	C3N-00545	C3N-00545-03	Primary Tumor
ea497b0e-6eae-4afb-ba31-5842b966fed6	480d06b6-6a70-45aa-8f76-b707376b6a10.htseq_counts.txt.gz	Transcriptome Profiling	Gene Expression Quantification	CPTAC-3	C3N-04127, C3N-04127	C3N-04127-02, C3N-04127-01	Primary Tumor, Primary Tumor
4b61e2a7-4c0f-43d2-873a-492bc0710f5d	7726d104-7b52-465a-83a8-2f17f80fb413.htseq_counts.txt.gz	Transcriptome Profiling	Gene Expression Quantification	CPTAC-3	C3N-03875	C3N-03875-05	Solid Tissue Normal
9e5e31b3-6dd1-48f5-83a2-06c6690cd169	d4813da4-f8a4-47c1-9387-8edbeabc8620.htseq_counts.txt.gz	Transcriptome Profiling	Gene Expression Quantification	CPTAC-3	C3L-02549	C3L-02549-06	Solid Tissue Normal
8e47aa9c-c9ac-4e39-8e44-122a037c077f	2ba47d65-ec70-4eb1-8c5e-3151d535d7ea.htseq_counts.txt.gz	Transcriptome Profiling	Gene Expression Quantification	CPTAC-3	C3L-00973	C3L-00973-03	Primary Tumor
b3eda159-b41d-4743-b51e-2905bc3a594c	83b1c02b-7ce0-44fa-ab68-fbbaaa1cb195.htseq_counts.txt.gz	Transcriptome Profiling	Gene Expression Quantification	CPTAC-3	C3L-02552	C3L-02552-06	Solid Tissue Normal
58667b87-5fdf-4e1c-befe-d61c238cd668	e719cc79-45f4-495e-a171-606b2a53efad.htseq_counts.txt.gz	Transcriptome Profiling	Gene Expression Quantification	CPTAC-3	C3L-02968	C3L-02968-06	Solid Tissue Normal
17ad86fd-4657-400f-a044-602a80741108	1d234787-c103-438d-bc53-52cc47ff0862.htseq_counts.txt.gz	Transcriptome Profiling	Gene Expression Quantification	CPTAC-3	C3L-01663	C3L-01663-02	Primary Tumor
9e371a66-e479-46c5-a544-64d544db0126	100f73ce-b456-4952-a881-3ad7ea3b8f2d.htseq_counts.txt.gz	Transcriptome Profiling	Gene Expression Quantification	CPTAC-3	C3N-00199	C3N-00199-07	Solid Tissue Normal
a9d22586-96b5-4742-8951-738a99ac373b	ae133895-a956-40bf-bd64-f2564d9c157e.htseq_counts.txt.gz	Transcriptome Profiling	Gene Expression Quantification	CPTAC-3	C3N-00959	C3N-00959-06	Solid Tissue Normal
f6a3548a-e9ff-4302-a087-370b427a3eb2	281634f7-2de2-40e1-a9d6-3c3b46fe52ac.htseq_counts.txt.gz	Transcriptome Profiling	Gene Expression Quantification	CPTAC-3	C3L-02345	C3L-02345-06	Solid Tissue Normal
c873455d-843a-4670-9d7c-e32169294143	aafed55d-c0e7-4e5c-9c6b-0e997007508c.htseq_counts.txt.gz	Transcriptome Profiling	Gene Expression Quantification	CPTAC-3	C3L-01000	C3L-01000-04	Primary Tumor
632c4af6-6a56-4648-8fd4-f2fc981dea65	e040054e-8796-4407-81d6-61ff83fdd3d7.htseq_counts.txt.gz	Transcriptome Profiling	Gene Expression Quantification	CPTAC-3	C3L-02650	C3L-02650-05	Primary Tumor
825834c1-301d-4ea4-b29e-d4d870cd31f9	00e13400-3132-4f34-af44-5ec60147318f.htseq_counts.txt.gz	Transcriptome Profiling	Gene Expression Quantification	CPTAC-3	C3L-02969	C3L-02969-06	Solid Tissue Normal
0ec68a67-2c4c-460c-bcbc-749f9c8f3cb0	38902122-2199-48df-92f6-d598e1d62a25.htseq_counts.txt.gz	Transcriptome Profiling	Gene Expression Quantification	CPTAC-3	C3N-02087	C3N-02087-01	Primary Tumor
992dc24a-5f37-4702-8bb2-3730b3305523	8c686d9a-1ef2-4dc9-81ac-e843f60bf887.htseq_counts.txt.gz	Transcriptome Profiling	Gene Expression Quantification	CPTAC-3	C3L-02891	C3L-02891-06	Solid Tissue Normal
fe31668a-6494-4c1d-9c3d-ef0fb01f66cb	bb6d1ca2-64b1-4246-92bc-293826a2f495.htseq_counts.txt.gz	Transcriptome Profiling	Gene Expression Quantification	CPTAC-3	C3L-00904	C3L-00904-06	Solid Tissue Normal
79b279b1-6ed0-46f8-8a73-158b9180e897	aeee6205-cf4e-4969-939a-28cc5220715e.htseq_counts.txt.gz	Transcriptome Profiling	Gene Expression Quantification	CPTAC-3	C3N-03425	C3N-03425-05	Primary Tumor
dac5064a-093d-4f71-a793-9151db0ca851	5052c5f0-7467-45c6-b756-19c09080767d.htseq_counts.txt.gz	Transcriptome Profiling	Gene Expression Quantification	CPTAC-3	C3N-02435	C3N-02435-07	Solid Tissue Normal
24e408b0-c333-4571-b08d-493804ce06da	39bfe58e-41b1-499d-bd12-08e845622e9c.htseq_counts.txt.gz	Transcriptome Profiling	Gene Expression Quantification	CPTAC-3	C3N-02067, C3N-02067	C3N-02067-01, C3N-02067-02	Primary Tumor, Primary Tumor
78190fb6-cd44-40dc-80d5-225fd4ce77b2	477b2941-ab2e-4617-ba60-7e32bb09bbe3.htseq_counts.txt.gz	Transcriptome Profiling	Gene Expression Quantification	CPTAC-3	C3N-02587, C3N-02587	C3N-02587-01, C3N-02587-02	Primary Tumor, Primary Tumor
e6fbbaba-ccd5-43c9-a7a7-1a38a8e13323	32ce2511-b42a-4f35-b1ba-d139bdb6f6f5.htseq_counts.txt.gz	Transcriptome Profiling	Gene Expression Quantification	CPTAC-3	C3L-00001	C3L-00001-06	Solid Tissue Normal
37dc29ae-ee32-4760-9fb0-c94f9df843f5	02c613fb-3828-41d3-b39e-ab2c7c87c9c5.htseq_counts.txt.gz	Transcriptome Profiling	Gene Expression Quantification	CPTAC-3	C3L-00009	C3L-00009-06	Solid Tissue Normal
b51c5141-fe74-47a2-9f8d-66e26565ffd1	92c55bd1-ea59-4ba9-b769-4d10f8aecd3c.htseq_counts.txt.gz	Transcriptome Profiling	Gene Expression Quantification	CPTAC-3	C3N-02375	C3N-02375-03	Solid Tissue Normal
6fe59ae1-6f04-4482-b95c-7eac6bd3b3cd	d0bbc0ac-7000-411e-8484-93d95d407475.htseq_counts.txt.gz	Transcriptome Profiling	Gene Expression Quantification	CPTAC-3	C3N-00497	C3N-00497-01	Primary Tumor
59c26d92-15de-4864-8079-24b2df16cdd1	a9e0cfad-c91e-46ed-8cb2-addd82522003.htseq_counts.txt.gz	Transcriptome Profiling	Gene Expression Quantification	CPTAC-3	C3L-00993	C3L-00993-01	Primary Tumor
143d2c00-6fe6-454b-9468-203ade820bf7	46b5dd4e-9d89-402e-8d37-5d31d1869332.htseq_counts.txt.gz	Transcriptome Profiling	Gene Expression Quantification	CPTAC-3	C3N-01020	C3N-01020-07	Solid Tissue Normal
785e183a-42bf-44cc-aa4c-c41deb9238e5	4efcd0eb-9765-41a9-90b5-330ab900e317.htseq_counts.txt.gz	Transcriptome Profiling	Gene Expression Quantification	CPTAC-3	C3L-02219	C3L-02219-01	Primary Tumor
4afdfdb0-3d3a-4b4c-8731-d68b92b618bd	1c867b81-af0d-4822-8b47-c6bdb6e0c19c.htseq_counts.txt.gz	Transcriptome Profiling	Gene Expression Quantification	CPTAC-3	C3L-00973	C3L-00973-07	Solid Tissue Normal
798e505a-dcec-401b-8386-994cae86cb94	105a1f2f-f000-4064-aaba-ffded2932fc0.htseq_counts.txt.gz	Transcriptome Profiling	Gene Expression Quantification	CPTAC-3	C3N-01415	C3N-01415-07	Solid Tissue Normal
abf98d90-2973-4631-b207-d1818f940a8d	54811c2e-74cc-4a44-8870-fcdd6ed2199f.htseq_counts.txt.gz	Transcriptome Profiling	Gene Expression Quantification	CPTAC-3	C3L-00422, C3L-00422	C3L-00422-01, C3L-00422-02	Primary Tumor, Primary Tumor
a7c5ad22-d4bb-434c-be9b-e8f6f5e4294c	cae88ada-8677-4605-ac02-0f880717ae67.htseq_counts.txt.gz	Transcriptome Profiling	Gene Expression Quantification	CPTAC-3	C3N-00549	C3N-00549-03	Primary Tumor
b27e4d5d-e0c7-4674-85aa-f280aa3e04e7	3debf71e-c216-4a0b-8e9b-0eeadeeaf21f.htseq_counts.txt.gz	Transcriptome Profiling	Gene Expression Quantification	CPTAC-3	C3L-03962	C3L-03962-07	Solid Tissue Normal
621395be-f91b-45d8-b208-39e92bfb579c	15c26160-e69e-481d-9653-a7f500e87dd4.htseq_counts.txt.gz	Transcriptome Profiling	Gene Expression Quantification	CPTAC-3	C3N-01023	C3N-01023-04	Primary Tumor
21a4f971-8690-471b-8a3f-cd0cda98d0f8	82a3f56b-827c-4188-9be6-c00718633217.htseq_counts.txt.gz	Transcriptome Profiling	Gene Expression Quantification	CPTAC-3	C3N-01071	C3N-01071-03	Primary Tumor
70448082-3693-4fda-a202-64878d9a98a6	efb0852b-2324-4c4a-afc5-f1c7dc0330c3.htseq_counts.txt.gz	Transcriptome Profiling	Gene Expression Quantification	CPTAC-3	C3L-02650	C3L-02650-06	Solid Tissue Normal
ef286851-bf44-4f0a-85d7-ed4f71abff33	6198109a-f8f9-40eb-9309-030c15399dc7.htseq_counts.txt.gz	Transcriptome Profiling	Gene Expression Quantification	CPTAC-3	C3L-00144	C3L-00144-01	Primary Tumor
f65c1de9-2b28-4651-88e5-fdd74aa351fb	5f29b6ee-5d6f-4e89-b3e6-cec864f92def.htseq_counts.txt.gz	Transcriptome Profiling	Gene Expression Quantification	CPTAC-3	C3L-02168	C3L-02168-04	Primary Tumor
d9656985-2abc-45cf-ad6f-d9f8f9125371	c87d58cb-8a06-4cf6-86ae-5fd5d87787de.htseq_counts.txt.gz	Transcriptome Profiling	Gene Expression Quantification	CPTAC-3	C3L-01663	C3L-01663-06	Solid Tissue Normal
b18a34ab-2b89-4e67-967f-834d3d876dcb	640d5ab0-e019-48c2-99c1-407504286ffb.htseq_counts.txt.gz	Transcriptome Profiling	Gene Expression Quantification	CPTAC-3	C3N-01030	C3N-01030-03	Primary Tumor
75719c71-7b3c-4928-b8c5-52fb5462663c	170ef5f0-08b2-43ac-b718-30dafa682e2c.htseq_counts.txt.gz	Transcriptome Profiling	Gene Expression Quantification	CPTAC-3	C3N-01030	C3N-01030-06	Solid Tissue Normal
04ae1be8-5932-4ea5-8803-5f48f61396c8	dc338886-79f0-4a62-a2c4-8ee3675ba1a1.htseq_counts.txt.gz	Transcriptome Profiling	Gene Expression Quantification	CPTAC-3	C3L-01606	C3L-01606-01	Primary Tumor
a73d14a9-7360-4b8f-8d80-8d4f49a8acaa	679e7cb1-5489-4671-b5d9-9d3eb1c0d4e7.htseq_counts.txt.gz	Transcriptome Profiling	Gene Expression Quantification	CPTAC-3	C3L-02619	C3L-02619-08	Solid Tissue Normal
73bc2531-1546-4d09-93b1-bb02bb00cefe	354d3c28-5781-4399-8f56-c2e8a9bb556d.htseq_counts.txt.gz	Transcriptome Profiling	Gene Expression Quantification	CPTAC-3	C3N-02426	C3N-02426-03	Solid Tissue Normal
2b90e4a8-c307-47bd-9ec0-b616586b4462	8a5fcdc5-7cf6-45a2-9a6e-9d31b6abf0ec.htseq_counts.txt.gz	Transcriptome Profiling	Gene Expression Quantification	CPTAC-3	C3L-01285	C3L-01285-02	Primary Tumor
27452f72-c012-487f-aea5-c4c5aebffb79	468fb5a8-2cf5-42d6-b986-66422e5ee255.htseq_counts.txt.gz	Transcriptome Profiling	Gene Expression Quantification	CPTAC-3	C3N-01025	C3N-01025-06	Solid Tissue Normal
39aca5fd-9ba9-44c4-aac9-ede3d1678f29	f19d6bc0-d281-4cc8-a6e4-9469ea4564d0.htseq_counts.txt.gz	Transcriptome Profiling	Gene Expression Quantification	CPTAC-3	C3N-03848	C3N-03848-03	Solid Tissue Normal
0af10505-329b-4f86-ae3c-eb1e2ce325da	aa3242a0-0a6a-47d7-b97b-139fb5e0a99a.htseq_counts.txt.gz	Transcriptome Profiling	Gene Expression Quantification	CPTAC-3	C3L-01000	C3L-01000-06	Solid Tissue Normal
8b7b26d6-fdaa-4d3b-86f9-f19f1b7a512a	d7e8ca1f-3adf-46fb-b036-244358e0b18e.htseq_counts.txt.gz	Transcriptome Profiling	Gene Expression Quantification	CPTAC-3	C3N-02433, C3N-02433	C3N-02433-02, C3N-02433-01	Primary Tumor, Primary Tumor
0709c5f7-82be-499b-8628-f43e26e28c1a	d30ae099-c6ad-4d28-b74a-63e66d5517a3.htseq_counts.txt.gz	Transcriptome Profiling	Gene Expression Quantification	CPTAC-3	C3N-01016	C3N-01016-06	Solid Tissue Normal
8d4e1099-2ada-4827-beeb-a75fdbd0d457	ba67a062-0c93-4a18-a3a9-a2629084e561.htseq_counts.txt.gz	Transcriptome Profiling	Gene Expression Quantification	CPTAC-3	C3L-00081	C3L-00081-01	Primary Tumor
c3bdd1b7-eea3-4d73-b0d4-6975bea44da5	75a264cc-dd23-4640-a0bc-4b57cf93e6b5.htseq_counts.txt.gz	Transcriptome Profiling	Gene Expression Quantification	CPTAC-3	C3N-02588	C3N-02588-03	Solid Tissue Normal
9f147bb5-8570-4c87-ad4e-83feafba3d57	03f0c591-7299-4aa2-9f9c-c2919a5c773f.htseq_counts.txt.gz	Transcriptome Profiling	Gene Expression Quantification	CPTAC-3	C3L-02130	C3L-02130-06	Solid Tissue Normal
6b95258a-0b73-4f5e-bd83-01e2317b09d6	a53b0074-3be8-477f-9f00-7600a26af135.htseq_counts.txt.gz	Transcriptome Profiling	Gene Expression Quantification	CPTAC-3	C3L-01683	C3L-01683-04	Solid Tissue Normal
b70a89c3-e982-4802-9b5b-fda326a4bc8c	7e7867e9-def5-4511-b1af-a17b37f17163.htseq_counts.txt.gz	Transcriptome Profiling	Gene Expression Quantification	CPTAC-3	C3L-00368	C3L-00368-06	Solid Tissue Normal
536bc556-943e-4671-b13f-cd005aff1b22	eb0a32dc-2fac-4cb0-84ff-87c1595405b4.htseq_counts.txt.gz	Transcriptome Profiling	Gene Expression Quantification	CPTAC-3	C3N-01410	C3N-01410-07	Solid Tissue Normal
bffcc2f4-ae93-4eee-92e0-478d016b1eac	28d12e27-cff0-4b69-93e7-eaad8f3a4efb.htseq_counts.txt.gz	Transcriptome Profiling	Gene Expression Quantification	CPTAC-3	C3L-02649	C3L-02649-06	Solid Tissue Normal
a3a7106b-17ae-4803-8d6f-297d05a5acd4	461f37c0-a81f-4cc5-91ae-755f2c924a7d.htseq_counts.txt.gz	Transcriptome Profiling	Gene Expression Quantification	CPTAC-3	C3N-02288	C3N-02288-09	Solid Tissue Normal
77ca9fc0-1bd7-4a8f-b1cc-d2164e8ad38a	b62a33ec-3b18-4f0a-b614-bba9800e5251.htseq_counts.txt.gz	Transcriptome Profiling	Gene Expression Quantification	CPTAC-3	C3N-00547	C3N-00547-01	Primary Tumor
2a88fd5c-a3a5-47c8-8656-a372321e4dd5	99cf7d54-9c4b-4932-9d99-726bfe5c3381.htseq_counts.txt.gz	Transcriptome Profiling	Gene Expression Quantification	CPTAC-3	C3N-02000	C3N-02000-03	Solid Tissue Normal
7e32a3c4-44f9-49e6-8719-36c0ad177c08	b790e710-1218-46b9-8146-44190ae2745f.htseq_counts.txt.gz	Transcriptome Profiling	Gene Expression Quantification	CPTAC-3	C3L-01632	C3L-01632-06	Solid Tissue Normal
e3ea09df-4ccd-41e1-af29-0020f7abdb1a	d085cc90-77bf-41dc-a0e8-904a99411b6b.htseq_counts.txt.gz	Transcriptome Profiling	Gene Expression Quantification	CPTAC-3	C3L-00412	C3L-00412-06	Solid Tissue Normal
e8529209-3b32-479c-9281-047562c3eebb	d45ee4b6-dc0c-4cf4-bc53-08b29d99abe8.htseq_counts.txt.gz	Transcriptome Profiling	Gene Expression Quantification	CPTAC-3	C3N-01411	C3N-01411-06	Solid Tissue Normal
ea5cf398-158b-41db-aca6-9349a636afda	3e004ace-f661-4c66-ac82-86254035ac0b.htseq_counts.txt.gz	Transcriptome Profiling	Gene Expression Quantification	CPTAC-3	C3N-03424	C3N-03424-09	Solid Tissue Normal
be7f4fd0-87cd-4a65-a520-4bd4e44ff4d9	0b1d5500-72db-41bc-a902-147feb3beb76.htseq_counts.txt.gz	Transcriptome Profiling	Gene Expression Quantification	CPTAC-3	C3L-02552	C3L-02552-02	Primary Tumor
325ebde8-abc5-4775-afdf-9cf93d3a8909	b496fa93-de6f-4798-a9b7-4535080e3328.htseq_counts.txt.gz	Transcriptome Profiling	Gene Expression Quantification	CPTAC-3	C3N-04127	C3N-04127-03	Solid Tissue Normal
f16913c0-570b-4d92-b69a-3bc1c9cd5b70	1fd73af8-119b-4f50-92f5-7b389984e608.htseq_counts.txt.gz	Transcriptome Profiling	Gene Expression Quantification	CPTAC-3	C3L-02163	C3L-02163-01	Primary Tumor
f15b8e29-9562-45c1-8e5c-1c3c948fadf9	21f45c74-5822-4137-aad6-34b6fe6ce768.htseq_counts.txt.gz	Transcriptome Profiling	Gene Expression Quantification	CPTAC-3	C3N-01194	C3N-01194-05	Solid Tissue Normal
0fc0430e-cf2c-4f52-b5c6-531eab50b0c5	ef9b4a3c-cb0f-4ca3-a38a-79e9c02d7a60.htseq_counts.txt.gz	Transcriptome Profiling	Gene Expression Quantification	CPTAC-3	C3N-01823	C3N-01823-06	Solid Tissue Normal
6e0b03bd-5803-4f78-84b7-7ec49e8ff2d4	73dc4d7c-9102-4b2d-b3ba-dd34bed795b9.htseq_counts.txt.gz	Transcriptome Profiling	Gene Expression Quantification	CPTAC-3	C3N-02582, C3N-02582	C3N-02582-01, C3N-02582-02	Primary Tumor, Primary Tumor
1ac39601-8590-4a82-ab2b-3df8efba9719	f76e04a4-32a0-4709-9b65-7fedd694e358.htseq_counts.txt.gz	Transcriptome Profiling	Gene Expression Quantification	CPTAC-3	C3N-02582	C3N-02582-03	Solid Tissue Normal
37c9594b-d00a-4050-a701-47b53d433687	88495091-481f-4cce-bf05-1638afcbda27.htseq_counts.txt.gz	Transcriptome Profiling	Gene Expression Quantification	CPTAC-3	C3N-02155	C3N-02155-06	Solid Tissue Normal
a138e91a-ec82-4a42-87f1-ba822608a435	69885644-821e-414e-afac-3e2c9a976232.htseq_counts.txt.gz	Transcriptome Profiling	Gene Expression Quantification	CPTAC-3	C3L-02546	C3L-02546-03	Primary Tumor
cbe68e88-66df-483d-9336-69de68d6a835	647cb5e5-e227-4ba6-ac67-9818246eedfd.htseq_counts.txt.gz	Transcriptome Profiling	Gene Expression Quantification	CPTAC-3	C3N-00180	C3N-00180-02	Primary Tumor
84ad2fd5-bc86-4ced-b2d9-2d5b6049d5cf	ce8ba096-7504-4e57-ba44-029d4366871d.htseq_counts.txt.gz	Transcriptome Profiling	Gene Expression Quantification	CPTAC-3	C3N-00203	C3N-00203-07	Solid Tissue Normal
e5efced0-ed20-4b0b-b2ce-e0aeda09ec57	8fcd4a3b-a11e-4d43-a7fb-e751583be566.htseq_counts.txt.gz	Transcriptome Profiling	Gene Expression Quantification	CPTAC-3	C3L-00095	C3L-00095-06	Solid Tissue Normal
1bb65900-5777-4a2e-a150-fb7ee6a4f439	5f725612-fcbe-48a8-bb2f-9b2c6181e265.htseq_counts.txt.gz	Transcriptome Profiling	Gene Expression Quantification	CPTAC-3	C3L-01455	C3L-01455-05	Solid Tissue Normal
f77dad2d-2619-4dd3-9440-c8998792f5f2	4b60e05d-1aca-43a8-b50c-2a2834c378d8.htseq_counts.txt.gz	Transcriptome Profiling	Gene Expression Quantification	CPTAC-3	C3N-03092	C3N-03092-01	Primary Tumor
4b0361fa-7eb4-43da-8fb0-eaa9cfc0bc1e	e185a296-22df-4f3e-b324-37d9d41e014e.htseq_counts.txt.gz	Transcriptome Profiling	Gene Expression Quantification	CPTAC-3	C3L-00093	C3L-00093-06	Solid Tissue Normal
8eb1f531-dca1-4559-ae8c-6bf521e428b1	cb0895b2-0f1d-41cc-a95c-c2a81341999c.htseq_counts.txt.gz	Transcriptome Profiling	Gene Expression Quantification	CPTAC-3	C3L-00083	C3L-00083-01	Primary Tumor
0bcc00a4-348c-4eb5-a2ce-79b3eff09b89	ca804d64-a8dc-4e1c-8f71-09ead846850c.htseq_counts.txt.gz	Transcriptome Profiling	Gene Expression Quantification	CPTAC-3	C3L-03272	C3L-03272-02	Primary Tumor
02efb05d-0a14-4830-a762-d1dde8566791	31078723-3f66-4cea-b5d5-10eec28a9679.htseq_counts.txt.gz	Transcriptome Profiling	Gene Expression Quantification	CPTAC-3	C3L-02625	C3L-02625-08	Solid Tissue Normal
0b9e5ded-1612-46bc-b515-c90d6c492395	14c17025-a357-403c-afe2-001d9d8701ae.htseq_counts.txt.gz	Transcriptome Profiling	Gene Expression Quantification	CPTAC-3	C3N-00580	C3N-00580-03	Primary Tumor
d4f0339f-f55b-4bfb-a5df-01a71c9a4164	4b029d5c-0754-4219-8cf5-ad06a33e0bf6.htseq_counts.txt.gz	Transcriptome Profiling	Gene Expression Quantification	CPTAC-3	C3L-00140	C3L-00140-06	Solid Tissue Normal
e4ddf0e2-79fe-4673-aa4b-be81f8135163	00859e02-b5b0-4ff9-a395-03356484d757.htseq_counts.txt.gz	Transcriptome Profiling	Gene Expression Quantification	CPTAC-3	C3N-01024	C3N-01024-03	Primary Tumor
54f13b24-c508-4fb8-a7ec-da2e8f6c7b4c	8c1d22ce-af13-44b0-82e2-ab6e7a4e2794.htseq_counts.txt.gz	Transcriptome Profiling	Gene Expression Quantification	CPTAC-3	C3N-03204	C3N-03204-01	Primary Tumor
982b355e-96c4-4e79-a21c-e2df0bfdebba	83712af3-5950-49c2-b942-9a5809ebb10c.htseq_counts.txt.gz	Transcriptome Profiling	Gene Expression Quantification	CPTAC-3	C3L-01924	C3L-01924-07	Solid Tissue Normal
7b67a665-4cfb-4aa4-bfe2-f2c2b49fdd65	f745dc10-96d3-42fa-8cc2-361801b2ac2e.htseq_counts.txt.gz	Transcriptome Profiling	Gene Expression Quantification	CPTAC-3	C3L-01889	C3L-01889-01	Primary Tumor
517b577f-9408-4a4a-bd38-9244f4d40b45	33e40420-343e-483e-9df9-32966a2131c6.htseq_counts.txt.gz	Transcriptome Profiling	Gene Expression Quantification	CPTAC-3	C3L-02127	C3L-02127-06	Solid Tissue Normal
5637674b-f101-4f28-8e0c-bf734cf59e05	f97b71df-c313-4e3f-9827-7c71d03000f6.htseq_counts.txt.gz	Transcriptome Profiling	Gene Expression Quantification	CPTAC-3	C3N-02575, C3N-02575	C3N-02575-01, C3N-02575-02	Primary Tumor, Primary Tumor
5191463b-ecb7-4316-83cc-04c0b1d95f4b	9c825347-33e8-4b37-9e60-ed1cecc25515.htseq_counts.txt.gz	Transcriptome Profiling	Gene Expression Quantification	CPTAC-3	C3L-01285	C3L-01285-06	Solid Tissue Normal
edade2d5-36fc-4538-9b8e-85670cae0a18	df6f568f-86f2-493e-a1fa-83bc7da4b1cd.htseq_counts.txt.gz	Transcriptome Profiling	Gene Expression Quantification	CPTAC-3	C3L-02546	C3L-02546-06	Solid Tissue Normal
dfb31ebe-88ed-4c5a-8678-37a67f43735d	a808eb0a-7b1e-4e60-98fa-9eb1132f2720.htseq_counts.txt.gz	Transcriptome Profiling	Gene Expression Quantification	CPTAC-3	C3N-02729, C3N-02729	C3N-02729-01, C3N-02729-02	Primary Tumor, Primary Tumor
34c4bd56-80ab-4e7d-acf2-20dc9787ef62	6bb573b0-613a-481d-beca-beb8c3bd5c29.htseq_counts.txt.gz	Transcriptome Profiling	Gene Expression Quantification	CPTAC-3	C3L-01884	C3L-01884-06	Solid Tissue Normal
3a274e97-dca5-4144-9849-45d4a03ea5e4	d7c94cc6-8851-46ca-ad35-994fb38890c8.htseq_counts.txt.gz	Transcriptome Profiling	Gene Expression Quantification	CPTAC-3	C3L-00415	C3L-00415-06	Solid Tissue Normal
e6081980-d73f-41d4-bf7d-56ae6ab6ef33	8b6df70c-c99f-4992-b49c-27a07b252476.htseq_counts.txt.gz	Transcriptome Profiling	Gene Expression Quantification	CPTAC-3	C3N-00433	C3N-00433-03	Primary Tumor
41dfec9e-00c1-419d-8fc6-e4d06557c7f5	64d36a4b-b9e9-46aa-90f1-3e34345e238e.htseq_counts.txt.gz	Transcriptome Profiling	Gene Expression Quantification	CPTAC-3	C3L-00140	C3L-00140-02	Primary Tumor
77a6851a-2ac6-4f8f-a2f6-8e990341feea	25cd21f4-c4e0-48a5-8d5d-1cf746f284f9.htseq_counts.txt.gz	Transcriptome Profiling	Gene Expression Quantification	CPTAC-3	C3L-01606	C3L-01606-06	Solid Tissue Normal
b310b8a6-c5ad-4d59-9293-d957399be7e7	d85b3c18-12ef-4904-be52-9da440ef3268.htseq_counts.txt.gz	Transcriptome Profiling	Gene Expression Quantification	CPTAC-3	C3N-03441	C3N-03441-01	Primary Tumor
8b2420b7-2442-4d4c-948e-8e623bf1511d	0ca3ebff-fe5f-4d05-a231-e4bcd54add84.htseq_counts.txt.gz	Transcriptome Profiling	Gene Expression Quantification	CPTAC-3	C3L-01890	C3L-01890-06	Solid Tissue Normal
7cf18103-8638-4eda-954d-7b0424f91117	ad7d4ae1-c2aa-497d-8f3b-943d22110a96.htseq_counts.txt.gz	Transcriptome Profiling	Gene Expression Quantification	CPTAC-3	C3N-02434	C3N-02434-06	Solid Tissue Normal
bb90d85c-2bc9-4894-96cd-2d7f0899cdb0	b9668f94-b160-46a2-a101-94fc7f887e23.htseq_counts.txt.gz	Transcriptome Profiling	Gene Expression Quantification	CPTAC-3	C3L-02660	C3L-02660-05	Primary Tumor
8111ec3f-3708-4658-8ce5-5d5e5af33a16	124b60b8-9375-4217-add6-015075a4745b.htseq_counts.txt.gz	Transcriptome Profiling	Gene Expression Quantification	CPTAC-3	C3N-03486	C3N-03486-06	Solid Tissue Normal
6d0b895a-af21-4327-acb8-0e281fcb3ba2	f230fea5-a0cf-4e02-a576-ba4a49180ed2.htseq_counts.txt.gz	Transcriptome Profiling	Gene Expression Quantification	CPTAC-3	C3N-02067	C3N-02067-03	Solid Tissue Normal
38ad2657-c451-4859-b535-6ee867bc106f	33b38f4b-bbaa-4ec3-a98d-dd9e63bc552a.htseq_counts.txt.gz	Transcriptome Profiling	Gene Expression Quantification	CPTAC-3	C3N-02149	C3N-02149-06	Solid Tissue Normal
f79e6a9e-4db2-4a0d-8bef-a3aaaeb17fc1	e01eeda6-9fef-4336-8536-dd37d45e660c.htseq_counts.txt.gz	Transcriptome Profiling	Gene Expression Quantification	CPTAC-3	C3L-02127	C3L-02127-01	Primary Tumor
0544a9d9-7575-4bdf-8d89-e90edc16733d	a7155c12-158e-4b33-b015-444f942967aa.htseq_counts.txt.gz	Transcriptome Profiling	Gene Expression Quantification	CPTAC-3	C3N-00167	C3N-00167-06	Solid Tissue Normal
825f6c67-df07-40a1-a918-64c24627c1d4	df2db840-125c-4666-9073-bcc3340a5e56.htseq_counts.txt.gz	Transcriptome Profiling	Gene Expression Quantification	CPTAC-3	C3N-01489	C3N-01489-07	Solid Tissue Normal
7dd8b741-bff6-4b3d-bfc7-55144aed7aa2	8c5eea62-a9dc-4695-a4c1-399fb8969985.htseq_counts.txt.gz	Transcriptome Profiling	Gene Expression Quantification	CPTAC-3	C3L-00080	C3L-00080-06	Solid Tissue Normal
08be1676-400f-41f1-a371-c5cc14f750b8	394bb4e3-9b13-4057-9981-54ea36d0b940.htseq_counts.txt.gz	Transcriptome Profiling	Gene Expression Quantification	CPTAC-3	C3L-02163	C3L-02163-07	Solid Tissue Normal
20e7fbff-cb5f-4891-a55b-d25bf61986e1	3a3aa58c-6385-4685-bf54-5a28bd9ada9c.htseq_counts.txt.gz	Transcriptome Profiling	Gene Expression Quantification	CPTAC-3	C3N-01893	C3N-01893-10	Solid Tissue Normal
12e19647-fecf-4125-81fb-45210b59aa8c	33919bf6-ff4f-409d-8fbb-480ff607b59b.htseq_counts.txt.gz	Transcriptome Profiling	Gene Expression Quantification	CPTAC-3	C3N-02494	C3N-02494-01	Primary Tumor
673dcb23-f5d6-467d-b2da-779e0fcda615	342a51fa-0f76-488e-aede-a810fc7bf30e.htseq_counts.txt.gz	Transcriptome Profiling	Gene Expression Quantification	CPTAC-3	C3N-02089	C3N-02089-03	Primary Tumor
7fba5775-94fd-498d-8aa2-50f5e8ce7fb6	a73ebb4b-dc1a-4148-9f5d-fc0cd1f63f2c.htseq_counts.txt.gz	Transcriptome Profiling	Gene Expression Quantification	CPTAC-3	C3N-01415	C3N-01415-01	Primary Tumor
fee4dd6b-3985-49cb-aa89-3944f6bcfaae	04a01adb-3109-4875-9a50-7d72368a7736.htseq_counts.txt.gz	Transcriptome Profiling	Gene Expression Quantification	CPTAC-3	C3N-00555	C3N-00555-02	Primary Tumor
45e0bd42-48ba-4a64-9889-045122ed10ab	fc9afed0-82bb-4823-87ef-adedd171145b.htseq_counts.txt.gz	Transcriptome Profiling	Gene Expression Quantification	CPTAC-3	C3N-00560	C3N-00560-02	Primary Tumor
f910146a-d0aa-4ea5-8145-8e19f81039ba	307be526-8bb0-4939-acbb-6de267b2b142.htseq_counts.txt.gz	Transcriptome Profiling	Gene Expression Quantification	CPTAC-3	C3N-03441	C3N-03441-09	Solid Tissue Normal
eae2ea56-a5af-440a-bbdc-b28ab1b33702	c737aaa8-af79-4e04-9b5a-942593a9f637.htseq_counts.txt.gz	Transcriptome Profiling	Gene Expression Quantification	CPTAC-3	C3N-02003	C3N-02003-03	Solid Tissue Normal
5e8afe24-5357-4e1f-88a7-38dce1349978	4c15b072-80a4-4612-9346-6e123c5e625f.htseq_counts.txt.gz	Transcriptome Profiling	Gene Expression Quantification	CPTAC-3	C3L-02629, C3L-02629, C3L-02629	C3L-02629-07, C3L-02629-08, C3L-02629-06	Solid Tissue Normal, Solid Tissue Normal, Solid Tissue Normal
3aa712ae-7d89-4b12-87dc-045f740d7cfe	8217e4e9-8e39-4499-92b4-fefbf0816b47.htseq_counts.txt.gz	Transcriptome Profiling	Gene Expression Quantification	CPTAC-3	C3N-02588, C3N-02588	C3N-02588-02, C3N-02588-01	Primary Tumor, Primary Tumor
767e1fb1-40a5-45fb-a660-9fe7cfd1c14b	45cdcde9-5186-4c5c-b74e-1f83464061bc.htseq_counts.txt.gz	Transcriptome Profiling	Gene Expression Quantification	CPTAC-3	C3N-02421, C3N-02421	C3N-02421-01, C3N-02421-02	Primary Tumor, Primary Tumor
bfcde131-9faa-4254-b6b2-f87277d3c140	2fb80662-9e6f-4b7a-81fc-e2954e1a45d9.htseq_counts.txt.gz	Transcriptome Profiling	Gene Expression Quantification	CPTAC-3	C3N-00223	C3N-00223-01	Primary Tumor
7bf830c7-9461-42d7-85ba-13e5ad882d65	651abc0a-dbe2-4ee1-99aa-a40aab7e8174.htseq_counts.txt.gz	Transcriptome Profiling	Gene Expression Quantification	CPTAC-3	C3L-02891	C3L-02891-03	Primary Tumor
0c265ec6-93f8-4701-ab3d-27e75a565086	06b4cf81-5dff-4a3b-a5e6-d194fde83728.htseq_counts.txt.gz	Transcriptome Profiling	Gene Expression Quantification	CPTAC-3	C3L-00094	C3L-00094-03	Primary Tumor
418add5b-cc7a-4ac4-a629-c27158722b49	d2c12c91-10ae-41c8-86ff-28c3da177f8f.htseq_counts.txt.gz	Transcriptome Profiling	Gene Expression Quantification	CPTAC-3	C3L-00009	C3L-00009-01	Primary Tumor
53b8a0cd-d6c8-4fbd-87da-72714cff948e	f910e79b-72ab-4c6d-ac03-abe9df54e51b.htseq_counts.txt.gz	Transcriptome Profiling	Gene Expression Quantification	CPTAC-3	C3N-02423	C3N-02423-03	Solid Tissue Normal
296cc67f-ac1b-492c-bc57-66f8f5ebf835	116b567d-11aa-4cbf-9e55-d6fa3c8371f7.htseq_counts.txt.gz	Transcriptome Profiling	Gene Expression Quantification	CPTAC-3	C3N-00175	C3N-00175-06	Solid Tissue Normal
92430b6b-25cc-466f-a233-28d0264da45d	0d15a304-f462-45e3-a4b4-5eb7f2277761.htseq_counts.txt.gz	Transcriptome Profiling	Gene Expression Quantification	CPTAC-3	C3N-01072	C3N-01072-06	Solid Tissue Normal
8bfeb91f-e14e-42f0-a3b6-c20feea33a8b	f8c28915-b6b9-4999-8b3e-4a0d1498d486.htseq_counts.txt.gz	Transcriptome Profiling	Gene Expression Quantification	CPTAC-3	C3L-00604	C3L-00604-01	Primary Tumor
3946f3fe-c7a5-440b-8673-1407861b13ff	151b0b52-82a8-4e74-adc3-4ee5085ead13.htseq_counts.txt.gz	Transcriptome Profiling	Gene Expression Quantification	CPTAC-3	C3N-03093	C3N-03093-03	Primary Tumor
48b912e8-4d58-4cfd-99b7-4f6f356a46e5	8b1e716d-edcf-4690-a5d7-d542b70bed7a.htseq_counts.txt.gz	Transcriptome Profiling	Gene Expression Quantification	CPTAC-3	C3L-02349	C3L-02349-01	Primary Tumor
54974c44-9c40-4530-9947-6b11db6a3005	43b52104-017a-486e-835b-504ce8976a3e.htseq_counts.txt.gz	Transcriptome Profiling	Gene Expression Quantification	CPTAC-3	C3L-03965	C3L-03965-02	Primary Tumor
889e771a-b95e-4aff-9cdc-83634a3596ef	4c3b8c00-9351-465d-94f5-da78bff49a33.htseq_counts.txt.gz	Transcriptome Profiling	Gene Expression Quantification	CPTAC-3	C3N-02729	C3N-02729-03	Solid Tissue Normal
b1c15cd6-ead9-4fbb-9f06-b12d54949256	73c3860c-f6a1-46f2-96b9-5c5b045ff037.htseq_counts.txt.gz	Transcriptome Profiling	Gene Expression Quantification	CPTAC-3	C3N-03093	C3N-03093-05	Solid Tissue Normal
708d23c4-138e-4a6d-ac57-72381e1e0ce7	0e2057bb-d958-469b-bcc0-b772e20bf9d8.htseq_counts.txt.gz	Transcriptome Profiling	Gene Expression Quantification	CPTAC-3	C3N-01021	C3N-01021-01	Primary Tumor
8baa8309-91fd-47db-a0b9-c423e014f17d	b92c0085-71ce-4a9c-9f68-96642c6a1b75.htseq_counts.txt.gz	Transcriptome Profiling	Gene Expression Quantification	CPTAC-3	C3N-02339	C3N-02339-06	Solid Tissue Normal
1cc96625-713a-495a-a790-2a84e72daeac	19530373-de3a-41a9-a8f6-77a14f9383ab.htseq_counts.txt.gz	Transcriptome Profiling	Gene Expression Quantification	CPTAC-3	C3N-03486	C3N-03486-03	Primary Tumor
49e9ab22-b82f-454a-b20c-36af75e8547c	5554bab0-ec41-49d6-8eaa-f96085d90634.htseq_counts.txt.gz	Transcriptome Profiling	Gene Expression Quantification	CPTAC-3	C3L-00368	C3L-00368-01	Primary Tumor
3ffb1af0-5469-4de7-954e-74750d606ec9	0251ee3a-4d55-4931-8904-2d71dd086f6d.htseq_counts.txt.gz	Transcriptome Profiling	Gene Expression Quantification	CPTAC-3	C3N-02149	C3N-02149-02	Primary Tumor
ffe2b0d2-f4c4-461c-a156-f8bb34e4806f	ffceb703-87d3-42ac-aa67-ba9ebd5ac761.htseq_counts.txt.gz	Transcriptome Profiling	Gene Expression Quantification	CPTAC-3	C3N-02435	C3N-02435-01	Primary Tumor
e1f18d16-ac8b-4317-927d-230d730f8817	94fa126c-6a0e-46d7-912d-b1b73b6d5981.htseq_counts.txt.gz	Transcriptome Profiling	Gene Expression Quantification	CPTAC-3	C3L-03963	C3L-03963-04	Primary Tumor
580db554-6b48-4e86-a34b-e3fbe2e1e237	1c4cff35-fe1c-418b-a520-7fb244d2ee4b.htseq_counts.txt.gz	Transcriptome Profiling	Gene Expression Quantification	CPTAC-3	C3N-03882	C3N-03882-03	Solid Tissue Normal
79d4737b-70e2-479b-ace1-a53cc12e887a	4c577b45-6e8d-49b5-8618-e2f33e882fc3.htseq_counts.txt.gz	Transcriptome Profiling	Gene Expression Quantification	CPTAC-3	C3N-01488	C3N-01488-03	Primary Tumor
214768f0-fab3-4ebf-aac0-21af669b85a8	a5371440-5ffb-4bf3-b714-65d4df715440.htseq_counts.txt.gz	Transcriptome Profiling	Gene Expression Quantification	CPTAC-3	C3L-00080	C3L-00080-01	Primary Tumor
8e37dc4f-8e11-4a99-8537-e6dea7fa0b0f	4223d618-933b-43d0-8a51-2c48052fac0b.htseq_counts.txt.gz	Transcriptome Profiling	Gene Expression Quantification	CPTAC-3	C3L-04391	C3L-04391-02	Primary Tumor
6ec75a1c-96f1-44b5-86a4-ec00d2c9a6a4	c8f9f172-c519-4b17-8a92-77cc8e12b9b2.htseq_counts.txt.gz	Transcriptome Profiling	Gene Expression Quantification	CPTAC-3	C3N-00551	C3N-00551-04	Primary Tumor
5fb7b306-c719-4fab-864a-e9457a33a3e8	59a8d0c4-eae0-4537-bb12-ec97d4debc56.htseq_counts.txt.gz	Transcriptome Profiling	Gene Expression Quantification	CPTAC-3	C3N-01416	C3N-01416-03	Primary Tumor
0c3d9cc0-1148-4b8d-bcbd-7f00901c95b2	ac840938-2cc4-419c-90fd-9c55722ae88e.htseq_counts.txt.gz	Transcriptome Profiling	Gene Expression Quantification	CPTAC-3	C3N-00737	C3N-00737-06	Solid Tissue Normal
ad1926c9-290d-4e9e-8205-6d624e72369f	8c128f46-da86-490c-88ac-7f66db8ffa78.htseq_counts.txt.gz	Transcriptome Profiling	Gene Expression Quantification	CPTAC-3	C3L-02348	C3L-02348-06	Solid Tissue Normal
b590f526-9a67-4ccf-b0fc-a226181dae9e	f4c641f3-a4d9-49cd-a005-4d689f5ea7e1.htseq_counts.txt.gz	Transcriptome Profiling	Gene Expression Quantification	CPTAC-3	C3N-00552	C3N-00552-02	Primary Tumor
6900b3a3-31aa-472f-a7fd-b98c56d9f585	7d94a690-9069-450b-b0ce-bb6b6475154d.htseq_counts.txt.gz	Transcriptome Profiling	Gene Expression Quantification	CPTAC-3	C3L-04391	C3L-04391-06	Solid Tissue Normal
f2e7b2a8-5937-475e-aacd-8744aff32282	6356d8c1-2118-4ea8-9f73-71f5163fc1f7.htseq_counts.txt.gz	Transcriptome Profiling	Gene Expression Quantification	CPTAC-3	C3L-02345	C3L-02345-02	Primary Tumor
5cd5148f-ecc5-4863-a584-d13c96616f4b	5127f743-7509-4d0d-989f-65ae1de241eb.htseq_counts.txt.gz	Transcriptome Profiling	Gene Expression Quantification	CPTAC-3	C3N-01071	C3N-01071-06	Solid Tissue Normal
63e0c6ff-e8e3-4cf4-9b17-c2713ee7c331	de55d942-cb2a-4574-b293-b0b6d8c15698.htseq_counts.txt.gz	Transcriptome Profiling	Gene Expression Quantification	CPTAC-3	C3N-00738	C3N-00738-03	Solid Tissue Normal
d7dc429a-e29a-4ef3-95e8-304e322b0cc2	5c8731b8-dbae-4cb8-b91a-ffb31919e930.htseq_counts.txt.gz	Transcriptome Profiling	Gene Expression Quantification	CPTAC-3	C3L-02164	C3L-02164-06	Solid Tissue Normal
a9fa8d57-e325-460c-813d-bb17676fedc2	64166d67-7da3-440a-bf5d-649421d974fc.htseq_counts.txt.gz	Transcriptome Profiling	Gene Expression Quantification	CPTAC-3	C3L-01683, C3L-01683	C3L-01683-01, C3L-01683-02	Primary Tumor, Primary Tumor
24627a09-75e5-4c67-bb1f-c7328a759e39	40c16b48-f97a-4deb-9765-58316f80d054.htseq_counts.txt.gz	Transcriptome Profiling	Gene Expression Quantification	CPTAC-3	C3L-00893	C3L-00893-06	Solid Tissue Normal
881ab3de-84ab-4a02-a7a2-624ecfe852f6	97202169-d64c-487a-a5ea-cb05a6e35f74.htseq_counts.txt.gz	Transcriptome Profiling	Gene Expression Quantification	CPTAC-3	C3L-00993	C3L-00993-07	Solid Tissue Normal
0a0b0c6f-e930-4772-8981-b756033cefb3	d9b37819-9125-4b2f-9ef9-6f91fe7f177b.htseq_counts.txt.gz	Transcriptome Profiling	Gene Expression Quantification	CPTAC-3	C3L-01330, C3L-01330	C3L-01330-02, C3L-01330-01	Primary Tumor, Primary Tumor
32423f9d-5017-429b-b8f7-7b4351bdb1db	41af24ab-df4e-4471-ba3c-7d145cf3161e.htseq_counts.txt.gz	Transcriptome Profiling	Gene Expression Quantification	CPTAC-3	C3N-02380	C3N-02380-03	Solid Tissue Normal
3874cb6b-45bf-4d81-a85c-c3c93e98627b	a0d0ec44-1c9e-4c4a-b2af-02bac9718cc8.htseq_counts.txt.gz	Transcriptome Profiling	Gene Expression Quantification	CPTAC-3	C3N-00175	C3N-00175-02	Primary Tumor
ce9f2150-703d-4d32-a03c-5a9e871c18de	dc383158-c7c8-4fa5-a0fc-f9b2f9d619e3.htseq_counts.txt.gz	Transcriptome Profiling	Gene Expression Quantification	CPTAC-3	C3L-00279, C3L-00279	C3L-00279-02, C3L-00279-03	Primary Tumor, Primary Tumor
b1c3045e-bfc1-430f-b907-7b71b22e0f85	3bfc4946-afa9-4937-ba70-22f8b49d4a47.htseq_counts.txt.gz	Transcriptome Profiling	Gene Expression Quantification	CPTAC-3	C3N-01028	C3N-01028-02	Primary Tumor
f071b2cd-c41f-415c-923c-1703250a8008	9225ef3c-ea50-4612-b510-e81c2c3418d2.htseq_counts.txt.gz	Transcriptome Profiling	Gene Expression Quantification	CPTAC-3	C3L-03965	C3L-03965-06	Solid Tissue Normal
b13f18de-6c11-4610-b77f-d4e4c0b8b11c	5fc500ad-b8ef-41db-a2be-2b6a58a0ab35.htseq_counts.txt.gz	Transcriptome Profiling	Gene Expression Quantification	CPTAC-3	C3L-00095	C3L-00095-01	Primary Tumor
d9a075e5-9fcc-4916-9708-d537bde258ed	07c28159-2fb4-443b-bf85-6b400a1c5960.htseq_counts.txt.gz	Transcriptome Profiling	Gene Expression Quantification	CPTAC-3	C3L-00568	C3L-00568-06	Solid Tissue Normal
cc5961a9-f793-46d9-b518-6e3307552cae	1210d871-f400-4156-9053-9b0d36a12a9e.htseq_counts.txt.gz	Transcriptome Profiling	Gene Expression Quantification	CPTAC-3	C3L-01455	C3L-01455-01	Primary Tumor
30c3202e-d06b-44a7-8f10-50fde0d4a489	ffc085d9-97c5-4138-93d9-fb0fb5c09743.htseq_counts.txt.gz	Transcriptome Profiling	Gene Expression Quantification	CPTAC-3	C3L-01682	C3L-01682-07	Solid Tissue Normal
b9e1ef22-e335-4da2-b6f4-683471fc5b1e	ed0ff92e-ab92-4187-8b71-63ebadc45ac1.htseq_counts.txt.gz	Transcriptome Profiling	Gene Expression Quantification	CPTAC-3	C3N-03424	C3N-03424-03	Primary Tumor
faa45332-b0f6-4004-a11e-27f698c8dde6	832478da-6e8d-4652-b14c-f9e7ae6eafbe.htseq_counts.txt.gz	Transcriptome Profiling	Gene Expression Quantification	CPTAC-3	C3L-02963	C3L-02963-03	Primary Tumor
c8ca4f60-7770-469f-acc8-a41a9e2381a3	3e8318a1-e1f7-4443-9b22-ffda0d8ee835.htseq_counts.txt.gz	Transcriptome Profiling	Gene Expression Quantification	CPTAC-3	C3N-01017	C3N-01017-04	Primary Tumor
b776edb2-e301-49cd-8b0c-325a655e5483	2e66e051-9e01-4951-97cc-25242cb27a96.htseq_counts.txt.gz	Transcriptome Profiling	Gene Expression Quantification	CPTAC-3	C3N-02433	C3N-02433-03	Solid Tissue Normal
4d37d17b-bb36-4faa-bb9c-cf9005ced4d2	d282461b-3321-432f-9e76-9cb9871e2804.htseq_counts.txt.gz	Transcriptome Profiling	Gene Expression Quantification	CPTAC-3	C3L-00893	C3L-00893-02	Primary Tumor
faa7be88-5531-43be-87f1-e16e4d4a6f56	238b7711-61e4-4975-971b-cea7511641f3.htseq_counts.txt.gz	Transcriptome Profiling	Gene Expression Quantification	CPTAC-3	C3N-02375, C3N-02375	C3N-02375-02, C3N-02375-01	Primary Tumor, Primary Tumor
14f524d6-7164-4e99-8b6c-a710153b3e46	609a9877-b399-49f2-aff3-e0d601aa0302.htseq_counts.txt.gz	Transcriptome Profiling	Gene Expression Quantification	CPTAC-3	C3L-00923	C3L-00923-03	Primary Tumor
a4d1668e-5cf8-47b8-8167-c19fd1dc7cd8	306743ea-e6b5-4750-8e54-af2047563d82.htseq_counts.txt.gz	Transcriptome Profiling	Gene Expression Quantification	CPTAC-3	C3N-03076	C3N-03076-03	Solid Tissue Normal
b83b50f6-c75c-437a-b9a4-02ad88b7cbb4	af836ff5-b8cf-4da7-b6b5-2b1eb8688325.htseq_counts.txt.gz	Transcriptome Profiling	Gene Expression Quantification	CPTAC-3	C3N-01405, C3N-01405	C3N-01405-06, C3N-01405-07	Solid Tissue Normal, Solid Tissue Normal
315f6610-bf50-4122-b24d-2743169c92d8	621284d2-2d7d-4cfb-9c14-b08a0a900f0f.htseq_counts.txt.gz	Transcriptome Profiling	Gene Expression Quantification	CPTAC-3	C3N-00497	C3N-00497-05	Solid Tissue Normal
f47d4963-7c34-4a13-a435-729e7381b652	e1b871be-a6c7-4210-b492-0d5531333f2e.htseq_counts.txt.gz	Transcriptome Profiling	Gene Expression Quantification	CPTAC-3	C3L-01632	C3L-01632-02	Primary Tumor
fa5bf040-7520-442d-8c81-60056273f510	fb98cdf7-4bbf-490c-bf00-7419ea1e3f0e.htseq_counts.txt.gz	Transcriptome Profiling	Gene Expression Quantification	CPTAC-3	C3N-03880	C3N-03880-03	Solid Tissue Normal
90db8782-66a3-44d9-973a-3b38b43e2146	c972612c-ca01-48d2-9291-3b590bbc5227.htseq_counts.txt.gz	Transcriptome Profiling	Gene Expression Quantification	CPTAC-3	C3N-02002, C3N-02002	C3N-02002-02, C3N-02002-03	Primary Tumor, Primary Tumor
0a0c4a1a-56f4-4454-bc4a-5c6e6de1334b	97fc2b05-a13b-4e2e-99f9-861a7e79b54d.htseq_counts.txt.gz	Transcriptome Profiling	Gene Expression Quantification	CPTAC-3	C3L-04071	C3L-04071-06	Solid Tissue Normal
5a3e9129-b1f0-4efa-87f4-a417da61c5d3	242d7bef-19d8-41c5-a32d-7ab3d54e4023.htseq_counts.txt.gz	Transcriptome Profiling	Gene Expression Quantification	CPTAC-3	C3N-00959	C3N-00959-02	Primary Tumor
fba3ad31-9720-45c2-8ce8-699ad48730ed	08bf328f-1fe5-418d-b78f-3cdb562bc63e.htseq_counts.txt.gz	Transcriptome Profiling	Gene Expression Quantification	CPTAC-3	C3L-02348	C3L-02348-02	Primary Tumor
d7b0ce09-ff4a-4661-aedf-8c0dca1464d4	6ab5b43d-4cd5-490c-b443-251a86d188d9.htseq_counts.txt.gz	Transcriptome Profiling	Gene Expression Quantification	CPTAC-3	C3L-02619	C3L-02619-01	Primary Tumor
8f5645e4-61d2-4ae3-8df2-f0f402c85d24	6ad56ebf-0806-4f43-b908-5712095cefd3.htseq_counts.txt.gz	Transcriptome Profiling	Gene Expression Quantification	CPTAC-3	C3L-02350	C3L-02350-02	Primary Tumor
8f5c81b8-cb27-4baf-9978-d2438d6a7780	70498752-cd77-4f80-b689-060da8b6b6e4.htseq_counts.txt.gz	Transcriptome Profiling	Gene Expression Quantification	CPTAC-3	C3N-00579	C3N-00579-06	Solid Tissue Normal
7e7961d7-58e0-4967-ba1d-f82ede36f50a	3ac24084-dcf1-4aff-83ed-b20c5845c9ff.htseq_counts.txt.gz	Transcriptome Profiling	Gene Expression Quantification	CPTAC-3	C3N-01072	C3N-01072-02	Primary Tumor
b77d8803-b500-4331-8992-59b67de23295	2ce6f56a-623e-407f-b27b-6648007e2697.htseq_counts.txt.gz	Transcriptome Profiling	Gene Expression Quantification	CPTAC-3	C3N-02529	C3N-02529-03	Solid Tissue Normal
3315202f-20b1-474d-bd1d-e2f427770a9a	6f3d5a9b-685a-4455-ae73-f2a5052f354d.htseq_counts.txt.gz	Transcriptome Profiling	Gene Expression Quantification	CPTAC-3	C3L-00093	C3L-00093-01	Primary Tumor
1d5cc13d-84d6-4581-8490-01cf9e9b71c3	b0ab9a91-86b2-47da-bd2e-812c5fc99777.htseq_counts.txt.gz	Transcriptome Profiling	Gene Expression Quantification	CPTAC-3	C3N-03880, C3N-03880	C3N-03880-01, C3N-03880-02	Primary Tumor, Primary Tumor
c95993c9-0261-40fc-8683-55012b8b8286	d0efce12-9e2e-4f00-9907-fb0b56e9ae3e.htseq_counts.txt.gz	Transcriptome Profiling	Gene Expression Quantification	CPTAC-3	C3N-00546	C3N-00546-06	Solid Tissue Normal
dff2cf04-95a7-4e66-b087-7734ae2de0d6	41b32c33-0040-4bf3-90f2-582264f8f96d.htseq_counts.txt.gz	Transcriptome Profiling	Gene Expression Quantification	CPTAC-3	C3N-02523, C3N-02523	C3N-02523-02, C3N-02523-01	Primary Tumor, Primary Tumor
1b47e5d6-f52f-4ec8-a8df-96604b49a6a9	ec0a797b-98a3-40a6-948a-bb608396a9f5.htseq_counts.txt.gz	Transcriptome Profiling	Gene Expression Quantification	CPTAC-3	C3N-02158	C3N-02158-06	Solid Tissue Normal
709639a0-8fb4-44a1-bb79-1daf38e15a96	56558a09-4422-48a5-a659-d02bc89d9632.htseq_counts.txt.gz	Transcriptome Profiling	Gene Expression Quantification	CPTAC-3	C3L-00422	C3L-00422-05	Solid Tissue Normal
ae7e9067-efb2-4b34-961a-c538fe928e8f	53a9dd9f-8ca1-4808-817e-ff71e9c2a971.htseq_counts.txt.gz	Transcriptome Profiling	Gene Expression Quantification	CPTAC-3	C3N-00217, C3N-00217	C3N-00217-02, C3N-00217-04	Primary Tumor, Primary Tumor
d6055b11-01d5-472b-a4c3-8d9207124101	74a744f5-22fc-4452-ae4b-bae0b76102fa.htseq_counts.txt.gz	Transcriptome Profiling	Gene Expression Quantification	CPTAC-3	C3N-01194	C3N-01194-04	Primary Tumor
22d7a865-1022-4d7f-9382-6355ada7448c	d86e2375-a7d3-46e1-809b-c6c74bd71858.htseq_counts.txt.gz	Transcriptome Profiling	Gene Expression Quantification	CPTAC-3	C3N-01489	C3N-01489-02	Primary Tumor
96d0cfd2-c997-4c88-ac4b-f90eec050006	66e43fad-53ed-492f-aaed-8dccdbefd0da.htseq_counts.txt.gz	Transcriptome Profiling	Gene Expression Quantification	CPTAC-3	C3N-01016	C3N-01016-02	Primary Tumor
d7a52c10-3509-4fe6-a2f7-00df5699b724	f22d3ea8-26c6-49ac-836b-17bcc32df89f.htseq_counts.txt.gz	Transcriptome Profiling	Gene Expression Quantification	CPTAC-3	C3N-01017	C3N-01017-06	Solid Tissue Normal
f12c347c-abe6-4b77-bfe5-9593b507c10b	acb4b069-984f-4b75-92be-91f8aa2c6a1c.htseq_counts.txt.gz	Transcriptome Profiling	Gene Expression Quantification	CPTAC-3	C3N-02424, C3N-02424	C3N-02424-01, C3N-02424-02	Primary Tumor, Primary Tumor
a41c5c98-7dbf-4805-b1b4-a64fe9bdc1ab	b91f2ef3-385a-4aef-8d19-efe750e81098.htseq_counts.txt.gz	Transcriptome Profiling	Gene Expression Quantification	CPTAC-3	C3N-01023	C3N-01023-06	Solid Tissue Normal
1604a30e-4140-4d7b-accb-ecc837724b6d	23963ecb-c381-433c-911a-acd31ebf9aff.htseq_counts.txt.gz	Transcriptome Profiling	Gene Expression Quantification	CPTAC-3	C3L-01890	C3L-01890-02	Primary Tumor
6e928bbb-ef5b-4573-91bb-0ee46dc00b79	dfcafe42-ecc5-4aa2-83bb-80a1c4cd9eb2.htseq_counts.txt.gz	Transcriptome Profiling	Gene Expression Quantification	CPTAC-3	C3L-00904	C3L-00904-01	Primary Tumor
6c32870c-1f5f-42e3-aef9-455fcac6fb89	52bf3ace-443e-4fe0-8bf8-f520e5486ba8.htseq_counts.txt.gz	Transcriptome Profiling	Gene Expression Quantification	CPTAC-3	C3N-03425	C3N-03425-09	Solid Tissue Normal
b290ddb5-ffdc-4c09-a450-040f67e7016d	149ffa79-5580-408a-af81-9515f91599f4.htseq_counts.txt.gz	Transcriptome Profiling	Gene Expression Quantification	CPTAC-3	C3N-02529, C3N-02529	C3N-02529-02, C3N-02529-01	Primary Tumor, Primary Tumor
dc17a89b-4e79-4ba6-b7e5-25eb69332717	a76c274b-c445-4d43-9b23-ec53db0cc51f.htseq_counts.txt.gz	Transcriptome Profiling	Gene Expression Quantification	CPTAC-3	C3N-02339	C3N-02339-02	Primary Tumor
b3a82827-ef0f-453e-8195-6201451c2a81	a5319b58-7f6d-498c-a818-b72d2458655f.htseq_counts.txt.gz	Transcriptome Profiling	Gene Expression Quantification	CPTAC-3	C3N-02252	C3N-02252-74	Primary Tumor
42d161bf-2baa-4224-88b0-0e4d883f452b	82ecd06b-17a4-48e2-ae27-8fa7ad3b8337.htseq_counts.txt.gz	Transcriptome Profiling	Gene Expression Quantification	CPTAC-3	C3L-00913	C3L-00913-03	Primary Tumor
cf4b3248-8683-49cf-8cf8-ba1b0ba22b48	b5edd696-42c0-4b05-bf65-7f142c508e84.htseq_counts.txt.gz	Transcriptome Profiling	Gene Expression Quantification	CPTAC-3	C3L-03963	C3L-03963-06	Solid Tissue Normal
073a8ba0-b2b1-4107-8dab-0f316c4b3e0c	f51805da-b116-4353-8573-f436208367fe.htseq_counts.txt.gz	Transcriptome Profiling	Gene Expression Quantification	CPTAC-3	C3N-01823	C3N-01823-02	Primary Tumor
3fba5d54-f938-4247-853a-baa5009cb936	74008f3e-e7b1-4d9b-b085-72921c3006c5.htseq_counts.txt.gz	Transcriptome Profiling	Gene Expression Quantification	CPTAC-3	C3L-04013	C3L-04013-05	Primary Tumor
f4c79bac-9020-4d4e-b45a-111da93cea27	bcdef8ed-de7f-4abb-b0f3-eaee88d6c57c.htseq_counts.txt.gz	Transcriptome Profiling	Gene Expression Quantification	CPTAC-3	C3L-00927	C3L-00927-02	Primary Tumor
5b85ad48-caa3-414e-8477-72a2e2f23cf8	5849bd43-5eb0-4092-ab76-fc41a9e1794f.htseq_counts.txt.gz	Transcriptome Profiling	Gene Expression Quantification	CPTAC-3	C3N-00737, C3N-00737	C3N-00737-03, C3N-00737-01	Primary Tumor, Primary Tumor
7794f280-e1e9-4546-8e43-bf158acb7621	66cd522a-9b89-4daa-8e71-44abfe7acda3.htseq_counts.txt.gz	Transcriptome Profiling	Gene Expression Quantification	CPTAC-3	C3N-02285	C3N-02285-10	Solid Tissue Normal
b42d833e-1773-4532-8535-ad5fb51eaf55	d5d3a859-7340-40e3-bc18-d9237e999871.htseq_counts.txt.gz	Transcriptome Profiling	Gene Expression Quantification	CPTAC-3	C3N-01021, C3N-01021	C3N-01021-07, C3N-01021-06	Solid Tissue Normal, Solid Tissue Normal
5e236b59-58d3-45b6-b643-53a906c283d1	c30e119f-2ad5-46e9-9349-c591c00b3461.htseq_counts.txt.gz	Transcriptome Profiling	Gene Expression Quantification	CPTAC-3	C3N-01028	C3N-01028-07	Solid Tissue Normal
b4dd9ff6-95a0-4852-9cdc-60c35f0835fb	c986fd17-4711-4eb3-b1a1-38a64a8109f5.htseq_counts.txt.gz	Transcriptome Profiling	Gene Expression Quantification	CPTAC-3	C3N-03877	C3N-03877-03	Solid Tissue Normal
179e53aa-ff1d-44fa-8e08-05df8b7863c6	8c3d346a-710f-4856-93d6-5c49a6e1f876.htseq_counts.txt.gz	Transcriptome Profiling	Gene Expression Quantification	CPTAC-3	C3N-02421	C3N-02421-03	Solid Tissue Normal
fc5d320b-f577-4264-a8c6-88701af393a0	b23221f6-e3ea-4689-b675-a78e25546bd1.htseq_counts.txt.gz	Transcriptome Profiling	Gene Expression Quantification	CPTAC-3	C3N-00217	C3N-00217-06	Solid Tissue Normal
730b37c3-d296-4df2-b3f0-17ee1be4a9f6	63d44ca5-c201-4985-a839-86dc416e2670.htseq_counts.txt.gz	Transcriptome Profiling	Gene Expression Quantification	CPTAC-3	C3L-02964	C3L-02964-01	Primary Tumor
0a321886-2b3c-419c-baa5-896a58574754	503dedf4-e6b3-4a8c-a482-5169f630ca8c.htseq_counts.txt.gz	Transcriptome Profiling	Gene Expression Quantification	CPTAC-3	C3N-00293	C3N-00293-04	Primary Tumor
0cb67bc4-2be5-4d7e-a101-5b9b78b90386	4ed449ec-5a39-4f2f-84ce-758bf54381d4.htseq_counts.txt.gz	Transcriptome Profiling	Gene Expression Quantification	CPTAC-3	C3L-02164	C3L-02164-03	Primary Tumor
d65e14ef-3295-401c-8b9f-f95534eae4c0	c5f5bad9-b27e-4f78-bff7-b67e4b4524f7.htseq_counts.txt.gz	Transcriptome Profiling	Gene Expression Quantification	CPTAC-3	C3L-00083	C3L-00083-06	Solid Tissue Normal
9fdd5c60-c9e9-4d4e-9551-9699b9462855	8df3931e-a4b7-4abf-b5e3-db8bec16d069.htseq_counts.txt.gz	Transcriptome Profiling	Gene Expression Quantification	CPTAC-3	C3N-01413	C3N-01413-01	Primary Tumor
7aacbb1a-a7ea-4473-a5fe-d51952b8d70f	9d901b7b-5ae4-4084-84f3-d2870d846d4b.htseq_counts.txt.gz	Transcriptome Profiling	Gene Expression Quantification	CPTAC-3	C3N-00574, C3N-00574	C3N-00574-06, C3N-00574-07	Solid Tissue Normal, Solid Tissue Normal
31bb294a-9d3d-4bcb-b6dd-6553a0d838b3	cfd65230-e371-4619-b7ff-3e37a7e2057e.htseq_counts.txt.gz	Transcriptome Profiling	Gene Expression Quantification	CPTAC-3	C3L-00263	C3L-00263-08	Solid Tissue Normal
2e8a2fe4-437a-4112-9426-0af3840199de	fe906231-50f9-412a-a0e2-9c84eb2505cc.htseq_counts.txt.gz	Transcriptome Profiling	Gene Expression Quantification	CPTAC-3	C3L-02350	C3L-02350-06	Solid Tissue Normal
f8463bca-617f-4830-b0f2-f994831d937f	eeda453f-9510-48c1-a064-d09194358918.htseq_counts.txt.gz	Transcriptome Profiling	Gene Expression Quantification	CPTAC-3	C3N-02434	C3N-02434-01	Primary Tumor
57858145-9e85-4dd9-b645-6f5544dacf90	6768f280-f981-4cad-aa4b-e7b5e1a715da.htseq_counts.txt.gz	Transcriptome Profiling	Gene Expression Quantification	CPTAC-3	C3L-01330	C3L-01330-04	Solid Tissue Normal
4413be96-8c01-4b45-9607-deeaf67c26b7	8888ef50-ed59-46f0-a75c-e718b4eb1792.htseq_counts.txt.gz	Transcriptome Profiling	Gene Expression Quantification	CPTAC-3	C3N-02089	C3N-02089-06	Solid Tissue Normal
12b0e7c4-8f0c-470c-8eeb-772ca56005f3	8cec44ee-3971-48bf-acb4-96fd424df76f.htseq_counts.txt.gz	Transcriptome Profiling	Gene Expression Quantification	CPTAC-3	C3L-04071	C3L-04071-01	Primary Tumor
c80abf4e-0e92-4be2-849a-40462d79a73f	2acc9b75-3743-4c3d-9528-f3906fbeea3e.htseq_counts.txt.gz	Transcriptome Profiling	Gene Expression Quantification	CPTAC-3	C3N-01488	C3N-01488-06	Solid Tissue Normal
1eced047-8f6e-4b2a-9c45-6a944b0eea61	21d674ba-4190-4987-94b9-56ff874730b6.htseq_counts.txt.gz	Transcriptome Profiling	Gene Expression Quantification	CPTAC-3	C3N-03875, C3N-03875	C3N-03875-02, C3N-03875-01	Primary Tumor, Primary Tumor
d88e7a35-2008-4cc4-bc2c-68c3f46d441c	3ae10319-c468-470a-a7dc-a269bffcaa8e.htseq_counts.txt.gz	Transcriptome Profiling	Gene Expression Quantification	CPTAC-3	C3L-00445	C3L-00445-01	Primary Tumor
e33d5bbf-4c0f-4d17-b4cd-45f31f14fba8	062581b5-ed6d-465a-a282-ba1f703849ff.htseq_counts.txt.gz	Transcriptome Profiling	Gene Expression Quantification	CPTAC-3	C3N-02425	C3N-02425-03	Solid Tissue Normal
038dfa8f-bcd2-449d-ad39-a3dd5f02a1c8	0eb39eee-d484-471f-938e-ad8e6baaa002.htseq_counts.txt.gz	Transcriptome Profiling	Gene Expression Quantification	CPTAC-3	C3L-04014	C3L-04014-06	Solid Tissue Normal
0a165329-495d-49b6-b059-dedc760bd49d	4a2a4072-fab5-403c-8013-911fb5ac981e.htseq_counts.txt.gz	Transcriptome Profiling	Gene Expression Quantification	CPTAC-3	C3N-02423, C3N-02423	C3N-02423-01, C3N-02423-02	Primary Tumor, Primary Tumor
9f3e41bb-a5f0-4d3d-9344-fc606687a7f6	caa80fe8-657e-4fc9-afa5-add3ebf9618e.htseq_counts.txt.gz	Transcriptome Profiling	Gene Expression Quantification	CPTAC-3	C3N-00559	C3N-00559-06	Solid Tissue Normal
7b7e9af7-8f0d-4e7a-be7d-1a5523cfd804	8fb035ad-1cf6-4d88-9db6-0894727bb8d6.htseq_counts.txt.gz	Transcriptome Profiling	Gene Expression Quantification	CPTAC-3	C3L-00510, C3L-00510	C3L-00510-03, C3L-00510-02	Primary Tumor, Primary Tumor
4dfb2b17-bffe-4640-807d-dceefd9f0128	0cd78613-2af4-44d1-9275-4237531cee42.htseq_counts.txt.gz	Transcriptome Profiling	Gene Expression Quantification	CPTAC-3	C3N-02425, C3N-02425	C3N-02425-02, C3N-02425-01	Primary Tumor, Primary Tumor
724d052f-9ab7-4fd4-9046-12071d638660	2a64a773-b5e2-4974-9a5e-5cab3228271f.htseq_counts.txt.gz	Transcriptome Profiling	Gene Expression Quantification	CPTAC-3	C3N-00223	C3N-00223-07	Solid Tissue Normal
4f1b1695-26ab-4e9c-9429-328f2ce2f7b3	491645ef-fcb7-4b82-bdba-315a90a68350.htseq_counts.txt.gz	Transcriptome Profiling	Gene Expression Quantification	CPTAC-3	C3N-04124	C3N-04124-03	Solid Tissue Normal
1cc9ce6f-07ad-4c85-9344-4b7ad0bca52b	37058776-a340-4bbd-a025-afa2b55ca04f.htseq_counts.txt.gz	Transcriptome Profiling	Gene Expression Quantification	CPTAC-3	C3L-00094	C3L-00094-06	Solid Tissue Normal
2cf684a2-d528-4ff6-8576-5f3fb9015604	6f31d6fc-5bd0-42e9-aa1e-01ce39be98cc.htseq_counts.txt.gz	Transcriptome Profiling	Gene Expression Quantification	CPTAC-3	C3N-00221, C3N-00221	C3N-00221-06, C3N-00221-08	Primary Tumor, Primary Tumor
e651ca1e-fb48-4b0a-90f7-4567668ad735	232ade35-defa-4f5a-b395-0369ae50d748.htseq_counts.txt.gz	Transcriptome Profiling	Gene Expression Quantification	CPTAC-3	C3L-00603	C3L-00603-02	Primary Tumor
3fab14ad-a6ff-48e7-8b92-afba4cec8727	85801874-c058-401d-ac52-516e7b46574d.htseq_counts.txt.gz	Transcriptome Profiling	Gene Expression Quantification	CPTAC-3	C3N-00578	C3N-00578-04	Primary Tumor
45a6409b-42fd-4183-8620-143723ff9631	0f1fc649-10fe-4e7b-9066-832f5646ac42.htseq_counts.txt.gz	Transcriptome Profiling	Gene Expression Quantification	CPTAC-3	C3N-00579	C3N-00579-02	Primary Tumor
896aa8c4-cf17-46b5-a56c-a600ed8b7638	cfa5f896-919f-481a-b277-b35b42e9f77a.htseq_counts.txt.gz	Transcriptome Profiling	Gene Expression Quantification	CPTAC-3	C3N-02155	C3N-02155-03	Primary Tumor
a3395f0e-c2f5-47e7-ba96-3892292035db	8fd8e393-4fbd-4690-a273-bd00b91a4557.htseq_counts.txt.gz	Transcriptome Profiling	Gene Expression Quantification	CPTAC-3	C3L-02648	C3L-02648-08	Solid Tissue Normal
3a27d764-dc66-42f6-a58c-b7c336f08de6	eabaddf6-5896-4c8b-8adf-b45943602aaa.htseq_counts.txt.gz	Transcriptome Profiling	Gene Expression Quantification	CPTAC-3	C3L-02660	C3L-02660-07	Solid Tissue Normal
903986df-74ac-4fc8-b03a-3a9242fb1f40	783c1986-1c46-483a-a24c-0e165c217f1e.htseq_counts.txt.gz	Transcriptome Profiling	Gene Expression Quantification	CPTAC-3	C3N-00547	C3N-00547-06	Solid Tissue Normal
02546f29-390d-47b5-8420-ee3fe5409cbf	2c058ffc-af3d-45ce-90ee-30c435aa73c0.htseq_counts.txt.gz	Transcriptome Profiling	Gene Expression Quantification	CPTAC-3	C3L-02365	C3L-02365-05	Solid Tissue Normal
782e3c43-adaa-4d5a-b2e0-c8bd8a983891	92b2364a-e43e-4695-9e25-e4d50c73e40a.htseq_counts.txt.gz	Transcriptome Profiling	Gene Expression Quantification	CPTAC-3	C3L-02951	C3L-02951-02	Primary Tumor
ca41549e-c7cf-4ba5-9d9c-87ba02a26bfc	d119de82-8d6f-459f-bcd7-0a2a23783178.htseq_counts.txt.gz	Transcriptome Profiling	Gene Expression Quantification	CPTAC-3	C3L-02358	C3L-02358-06	Solid Tissue Normal
4825b377-10b4-4c1a-bd04-d80a1aea1304	811a38a7-3b2b-4e22-ab83-faa484dae922.htseq_counts.txt.gz	Transcriptome Profiling	Gene Expression Quantification	CPTAC-3	C3N-03851, C3N-03851	C3N-03851-04, C3N-03851-01	Primary Tumor, Primary Tumor
d167cc65-4233-4c46-9c7d-4e1f91b3bfd4	9a958b6b-928d-49e0-8845-0502c0ce8107.htseq_counts.txt.gz	Transcriptome Profiling	Gene Expression Quantification	CPTAC-3	C3L-01682, C3L-01682	C3L-01682-01, C3L-01682-02	Primary Tumor, Primary Tumor
2036c67c-c3fc-451c-9fda-12c8a1dbac15	3f578189-0cbc-4f1e-83c9-bbd095fbe952.htseq_counts.txt.gz	Transcriptome Profiling	Gene Expression Quantification	CPTAC-3	C3N-00293	C3N-00293-05	Solid Tissue Normal
08bf61d7-c009-45dc-82a3-0226229a0cad	3727ec0e-3c58-4fdc-ae10-0c7da43544fe.htseq_counts.txt.gz	Transcriptome Profiling	Gene Expression Quantification	CPTAC-3	C3N-00169	C3N-00169-06	Solid Tissue Normal
831e9916-fcad-4c0f-9862-e043ad4a5029	6d575f51-c9a2-4b81-a058-9a59b9f1d8b7.htseq_counts.txt.gz	Transcriptome Profiling	Gene Expression Quantification	CPTAC-3	C3N-02145	C3N-02145-07	Solid Tissue Normal
24ec633a-ab28-4d57-8a9c-d7c28f685506	db908f84-c211-4653-8af1-1b100c07bd87.htseq_counts.txt.gz	Transcriptome Profiling	Gene Expression Quantification	CPTAC-3	C3N-01416	C3N-01416-07	Solid Tissue Normal
463e8511-53aa-4255-b8fb-aacb1cd32f45	7d14bc4e-1c0b-4cd7-927a-ae8050ad5258.htseq_counts.txt.gz	Transcriptome Profiling	Gene Expression Quantification	CPTAC-3	C3N-02379	C3N-02379-03	Solid Tissue Normal
f7cb6e1a-2db1-4001-a501-9814b6515540	b86eeb07-e743-4c43-a299-4d0777ee9327.htseq_counts.txt.gz	Transcriptome Profiling	Gene Expression Quantification	CPTAC-3	C3N-00433	C3N-00433-07	Solid Tissue Normal
41a78a2d-7464-43fb-8b97-11e3a7f45ecc	e9c13195-3b1e-4267-895d-74cba89147ef.htseq_counts.txt.gz	Transcriptome Profiling	Gene Expression Quantification	CPTAC-3	C3N-02003, C3N-02003	C3N-02003-01, C3N-02003-02	Primary Tumor, Primary Tumor
f0490a8d-f27b-41ef-b895-44e83ffd7541	4051d718-591a-41c6-a058-2dbb34e09f67.htseq_counts.txt.gz	Transcriptome Profiling	Gene Expression Quantification	CPTAC-3	C3N-00552	C3N-00552-06	Solid Tissue Normal
ed854a45-9c87-463b-b89d-607dabc70c58	466facda-93cb-4240-bc75-c452fb3f0201.htseq_counts.txt.gz	Transcriptome Profiling	Gene Expression Quantification	CPTAC-3	C3N-02289	C3N-02289-06	Primary Tumor
97eec724-5d24-4ddd-8ecf-2b46332d66d5	651a6b26-6258-4954-936c-9fa67afa598b.htseq_counts.txt.gz	Transcriptome Profiling	Gene Expression Quantification	CPTAC-3	C3L-00927	C3L-00927-06	Solid Tissue Normal
37938690-8ca4-45be-80d5-e38ca17cf165	8c6a3cd7-ee09-4a63-8f24-8a4c6a0ef214.htseq_counts.txt.gz	Transcriptome Profiling	Gene Expression Quantification	CPTAC-3	C3N-01846	C3N-01846-01	Primary Tumor
121f95de-a721-4137-ad14-96a8073c7d1f	ace5ddb7-69d5-4a3e-99c1-9c44c23bee70.htseq_counts.txt.gz	Transcriptome Profiling	Gene Expression Quantification	CPTAC-3	C3N-00704	C3N-00704-03	Solid Tissue Normal
05ad484b-35b4-45d1-9fed-3ba2ebf65bc9	6b0df048-6b9b-45a2-8c47-cb1bd64c3b3c.htseq_counts.txt.gz	Transcriptome Profiling	Gene Expression Quantification	CPTAC-3	C3N-01024	C3N-01024-06	Solid Tissue Normal
cc86a6db-7c45-4f3e-b4ab-ab654a45d6f3	0cbaae2d-bf5c-4099-a6b7-e70dbe141781.htseq_counts.txt.gz	Transcriptome Profiling	Gene Expression Quantification	CPTAC-3	C3N-00203	C3N-00203-03	Primary Tumor
b4b92a84-47e7-406e-9440-86694fc6d50f	54989721-0c43-400e-9392-1801d58376cb.htseq_counts.txt.gz	Transcriptome Profiling	Gene Expression Quantification	CPTAC-3	C3N-01405	C3N-01405-01	Primary Tumor
9b5a7e30-7199-46e6-a80e-76a28aa073c7	0994de15-ce32-464a-bb9d-124201c5368c.htseq_counts.txt.gz	Transcriptome Profiling	Gene Expression Quantification	CPTAC-3	C3N-02252	C3N-02252-76	Solid Tissue Normal
955081a0-0a37-4133-a623-cd53c1db6840	91e53d76-8e2e-4f82-ab59-f95133a230b3.htseq_counts.txt.gz	Transcriptome Profiling	Gene Expression Quantification	CPTAC-3	C3N-00556	C3N-00556-03	Primary Tumor
3d3d94fb-faae-4334-9e8a-4965465f6178	e3083241-1517-4ea5-b20d-f1e4f6591105.htseq_counts.txt.gz	Transcriptome Profiling	Gene Expression Quantification	CPTAC-3	C3N-01025	C3N-01025-04	Primary Tumor
11bc7883-85b0-4b7a-b3dc-a54471321428	649e1345-2722-4f98-9aef-3387fd0eea53.htseq_counts.txt.gz	Transcriptome Profiling	Gene Expression Quantification	CPTAC-3	C3L-02951	C3L-02951-06	Solid Tissue Normal
6d80ac3a-ee6b-4648-aec6-2759baf0c665	7fc31fae-8c18-42e0-aaa9-eb67e20094ca.htseq_counts.txt.gz	Transcriptome Profiling	Gene Expression Quantification	CPTAC-3	C3N-00560	C3N-00560-06	Solid Tissue Normal
cc0e69df-9bb4-4f85-b688-b7b4807a9dee	30e2a940-e765-404f-a46d-3dd31b85d3e6.htseq_counts.txt.gz	Transcriptome Profiling	Gene Expression Quantification	CPTAC-3	C3L-02629	C3L-02629-01	Primary Tumor
4655c263-af33-4c1c-9672-3f02d812509d	ce11dc3e-148b-4295-997d-94453fffb8be.htseq_counts.txt.gz	Transcriptome Profiling	Gene Expression Quantification	CPTAC-3	C3N-03877, C3N-03877	C3N-03877-02, C3N-03877-01	Primary Tumor, Primary Tumor
89bed636-b30b-40b6-84bf-f6066fa2a0a9	a4715303-11e8-40f5-b6ab-0821753a2dc9.htseq_counts.txt.gz	Transcriptome Profiling	Gene Expression Quantification	CPTAC-3	C3N-01846	C3N-01846-06	Solid Tissue Normal
b41d1da4-0cd9-4358-a225-3607a9719474	2a6ded27-8bf7-4beb-a42f-aa33e56d88ac.htseq_counts.txt.gz	Transcriptome Profiling	Gene Expression Quantification	CPTAC-3	C3N-01411	C3N-01411-04	Primary Tumor
8e0800d2-3806-41af-af62-e13b720d7fee	ff45b52a-8c0b-4ea9-a254-0191ec7bf2e7.htseq_counts.txt.gz	Transcriptome Profiling	Gene Expression Quantification	CPTAC-3	C3N-02300	C3N-02300-02	Primary Tumor
3d3fee26-1f89-45e6-a511-8b3daf3881d7	680e459f-0e1a-4eba-a804-b781bdeec662.htseq_counts.txt.gz	Transcriptome Profiling	Gene Expression Quantification	CPTAC-3	C3L-01884	C3L-01884-02	Primary Tumor
94114d7a-cebc-46fd-a97e-f4259e7d2502	27d48464-c3dc-470c-93b1-87039276d3eb.htseq_counts.txt.gz	Transcriptome Profiling	Gene Expression Quantification	CPTAC-3	C3N-02158	C3N-02158-04	Primary Tumor
5adfd688-b5ba-4b58-a367-c6113e7ddeb0	4b1ea340-9528-42f2-bf29-2230d3f1a325.htseq_counts.txt.gz	Transcriptome Profiling	Gene Expression Quantification	CPTAC-3	C3L-03272	C3L-03272-05	Solid Tissue Normal
759d950b-a2f8-4e6c-8789-47944ca7810d	9552d8f7-739e-4d9a-ab09-7a4be4fa924a.htseq_counts.txt.gz	Transcriptome Profiling	Gene Expression Quantification	CPTAC-3	C3N-02374	C3N-02374-03	Solid Tissue Normal
55fc94c1-2b18-4e06-8a65-96fd70338b14	e0774da1-8c91-4e48-ab1d-376fefcbc4e8.htseq_counts.txt.gz	Transcriptome Profiling	Gene Expression Quantification	CPTAC-3	C3L-02627	C3L-02627-06	Solid Tissue Normal
04b30227-907f-4f5f-801a-a038ac14d90b	bce4c63a-9ec8-4603-9160-4cab8125b822.htseq_counts.txt.gz	Transcriptome Profiling	Gene Expression Quantification	CPTAC-3	C3N-03204	C3N-03204-03	Solid Tissue Normal
71796b84-0cb7-43d4-b66e-ca4cd1d8e024	9d6099e1-6303-481e-a0b9-1cbabddab56c.htseq_counts.txt.gz	Transcriptome Profiling	Gene Expression Quantification	CPTAC-3	C3L-00913	C3L-00913-06	Solid Tissue Normal
36f7d219-eee6-442d-92d6-de82a3a1f0ef	bc2bda73-b252-41dc-999c-5fe3fd6a4776.htseq_counts.txt.gz	Transcriptome Profiling	Gene Expression Quantification	CPTAC-3	C3N-00551	C3N-00551-06	Solid Tissue Normal
54b12749-b94c-4284-a44b-ee890084141b	8b5c4b24-63be-4d38-ae7e-3929b9edbf06.htseq_counts.txt.gz	Transcriptome Profiling	Gene Expression Quantification	CPTAC-3	C3N-00578	C3N-00578-06	Solid Tissue Normal
cb068363-2c2f-4c3c-a638-f0ed5a3f28b1	99f2c655-c997-425a-a215-dcad62896542.htseq_counts.txt.gz	Transcriptome Profiling	Gene Expression Quantification	CPTAC-3	C3N-00704, C3N-00704	C3N-00704-01, C3N-00704-02	Primary Tumor, Primary Tumor
0fc05d80-eec6-442d-94f5-8305f9075ffe	077d2d30-e631-4f36-9832-04a7f1f451b6.htseq_counts.txt.gz	Transcriptome Profiling	Gene Expression Quantification	CPTAC-3	C3N-00221, C3N-00221, C3N-00221	C3N-00221-03, C3N-00221-02, C3N-00221-01	Solid Tissue Normal, Solid Tissue Normal, Solid Tissue Normal
e6e6a129-6673-4ec8-ba28-cbea05aeb741	0bfee771-ad1b-4f75-920e-1ecaf3834545.htseq_counts.txt.gz	Transcriptome Profiling	Gene Expression Quantification	CPTAC-3	C3N-02675	C3N-02675-04	Primary Tumor
65e139d7-cf40-4dfe-9155-6e87dbd4253f	af25420e-1579-4523-bd96-6d531582941e.htseq_counts.txt.gz	Transcriptome Profiling	Gene Expression Quantification	CPTAC-3	C3N-01414	C3N-01414-04	Primary Tumor
5b13a79c-5d8a-4ebb-8264-0232c317ddce	9763d306-b3de-4035-8c0f-49447e096442.htseq_counts.txt.gz	Transcriptome Profiling	Gene Expression Quantification	CPTAC-3	C3N-03051	C3N-03051-02	Primary Tumor
748d2bba-cf54-430a-b3f4-7924f7f797e2	333a62a3-8617-453d-9eac-b40936ec8d2b.htseq_counts.txt.gz	Transcriptome Profiling	Gene Expression Quantification	CPTAC-3	C3L-02627, C3L-02627	C3L-02627-04, C3L-02627-05	Primary Tumor, Primary Tumor
50de5b4d-07bb-4bfd-96c5-d38dc641f264	6a5ca2e4-f5c0-4969-bdd7-b33be70976ee.htseq_counts.txt.gz	Transcriptome Profiling	Gene Expression Quantification	CPTAC-3	C3N-00169	C3N-00169-03	Primary Tumor
9caf1ba1-6bcd-466a-a86f-5db600ca2df7	a4536738-e793-4be4-a343-10cbc2c714ec.htseq_counts.txt.gz	Transcriptome Profiling	Gene Expression Quantification	CPTAC-3	C3N-02380, C3N-02380	C3N-02380-02, C3N-02380-01	Primary Tumor, Primary Tumor
2a02c968-de03-45f9-b963-29db7e1cba8c	1ffb0410-f8e2-47b5-818d-c12695c1d318.htseq_counts.txt.gz	Transcriptome Profiling	Gene Expression Quantification	CPTAC-3	C3N-02300	C3N-02300-05	Solid Tissue Normal
aefde2c3-643a-477a-9022-a1257d86c545	3d61ca73-6656-4a58-be8c-5bfe0d48d9db.htseq_counts.txt.gz	Transcriptome Profiling	Gene Expression Quantification	CPTAC-3	C3N-03882	C3N-03882-01	Primary Tumor
3abd7130-15ee-4f80-87e1-06873ff1a6ac	8abfc954-c17e-47e8-8a97-cc39a95a61e2.htseq_counts.txt.gz	Transcriptome Profiling	Gene Expression Quantification	CPTAC-3	C3N-03848, C3N-03848	C3N-03848-02, C3N-03848-01	Primary Tumor, Primary Tumor
47675fc2-8a6a-4421-8b11-bb8f298b9675	7eb3c49d-5d7b-41b6-b887-26de803c26e5.htseq_counts.txt.gz	Transcriptome Profiling	Gene Expression Quantification	CPTAC-3	C3L-02969	C3L-02969-02	Primary Tumor
9d84d02a-b8e4-4d56-9f9e-b0486f056de6	1f31453d-3b1f-4db5-8318-bff9d045c96d.htseq_counts.txt.gz	Transcriptome Profiling	Gene Expression Quantification	CPTAC-3	C3N-00550	C3N-00550-06	Solid Tissue Normal
55f9ed80-fda9-4300-a84a-153506b82325	03d9768c-e8c0-4e70-8fab-4c038752295d.htseq_counts.txt.gz	Transcriptome Profiling	Gene Expression Quantification	CPTAC-3	C3L-00415	C3L-00415-03	Primary Tumor
d5d44d56-a2d7-4808-91ba-dc6b9384238b	89a8ee85-be5a-4404-9065-8ca51a79fd68.htseq_counts.txt.gz	Transcriptome Profiling	Gene Expression Quantification	CPTAC-3	C3N-02374, C3N-02374	C3N-02374-01, C3N-02374-02	Primary Tumor, Primary Tumor
4be902bd-ad4c-4a2a-97bc-1670c44390f7	34116028-eeda-4544-bbe4-9eda9c1315e5.htseq_counts.txt.gz	Transcriptome Profiling	Gene Expression Quantification	CPTAC-3	C3L-02963	C3L-02963-06	Solid Tissue Normal
c8910800-d0b4-43f3-971e-edb091ad9129	0a4e1acb-2069-441e-9b43-53c52da0f7c2.htseq_counts.txt.gz	Transcriptome Profiling	Gene Expression Quantification	CPTAC-3	C3L-00081	C3L-00081-06	Solid Tissue Normal
642b9ccd-e6d6-4ec2-9d8f-a286855a79fe	ddb6c0ed-9edc-4d5f-acbf-5d72a19ed201.htseq_counts.txt.gz	Transcriptome Profiling	Gene Expression Quantification	CPTAC-3	C3L-02365	C3L-02365-01	Primary Tumor
fba34b36-5a09-4e80-8949-9cb608492a68	6f996c2a-b08d-4104-bf02-98723a9c8d05.htseq_counts.txt.gz	Transcriptome Profiling	Gene Expression Quantification	CPTAC-3	C3L-02968	C3L-02968-02	Primary Tumor
81c7f49a-4f4d-4381-a592-e1da87f9b65b	90ea174c-4960-4fc3-9bb5-955288e4f631.htseq_counts.txt.gz	Transcriptome Profiling	Gene Expression Quantification	CPTAC-3	C3N-00572	C3N-00572-06	Solid Tissue Normal
5c891943-c3d4-456f-844a-b6a3e92548c4	e6066b5f-c4f2-4496-892a-b216f71200b4.htseq_counts.txt.gz	Transcriptome Profiling	Gene Expression Quantification	CPTAC-3	C3N-01410	C3N-01410-02	Primary Tumor
294a113f-75c9-4ba0-8d42-e203201ac7bb	513edbae-8564-46bf-9a3c-9397558fb5a5.htseq_counts.txt.gz	Transcriptome Profiling	Gene Expression Quantification	CPTAC-3	C3N-02586	C3N-02586-03	Solid Tissue Normal
766f221b-eeb5-41e2-9fe9-397d0c040f92	f44b27f3-d470-49ba-81e5-f0680ebd76f2.htseq_counts.txt.gz	Transcriptome Profiling	Gene Expression Quantification	CPTAC-3	C3N-00574	C3N-00574-01	Primary Tumor
e4e17a56-1471-4faa-92bf-b79f6a93ab51	4353e785-6d8e-4cf9-a307-7483186af40c.htseq_counts.txt.gz	Transcriptome Profiling	Gene Expression Quantification	CPTAC-3	C3N-00550	C3N-00550-02	Primary Tumor
4a8889dc-5702-4035-8436-45cc9baff2bb	13df640e-496a-45a0-9710-82455be8e981.htseq_counts.txt.gz	Transcriptome Profiling	Gene Expression Quantification	CPTAC-3	C3N-02586, C3N-02586	C3N-02586-02, C3N-02586-01	Primary Tumor, Primary Tumor
117d219f-87d5-4694-bdb4-868ffd7c613c	082d9bf5-1866-4c88-b83f-2376803753b1.htseq_counts.txt.gz	Transcriptome Profiling	Gene Expression Quantification	CPTAC-3	C3L-02358	C3L-02358-03	Primary Tumor
701f3bfc-905e-47ca-8df8-8119f76d3d1b	fcace914-ff0f-42a9-a2f2-a272cccd0e64.htseq_counts.txt.gz	Transcriptome Profiling	Gene Expression Quantification	CPTAC-3	C3L-00923	C3L-00923-06	Solid Tissue Normal
fa9089f7-edac-4165-8768-b2ab9df1ce0e	c504d8a0-9634-4139-82d2-0caa353e772c.htseq_counts.txt.gz	Transcriptome Profiling	Gene Expression Quantification	CPTAC-3	C3N-02285	C3N-02285-03	Primary Tumor
240af269-b503-41ce-acbe-84fcca31bcf6	b4fb507a-e412-4395-9cbd-ac3b058c9dd1.htseq_counts.txt.gz	Transcriptome Profiling	Gene Expression Quantification	CPTAC-3	C3N-02379, C3N-02379	C3N-02379-01, C3N-02379-02	Primary Tumor, Primary Tumor
0627f43a-f901-447d-a77d-fb517f6a3f0a	fe2d0490-e5c1-4dc9-b07b-07efcebdc5a1.htseq_counts.txt.gz	Transcriptome Profiling	Gene Expression Quantification	CPTAC-3	C3L-00445, C3L-00445	C3L-00445-06, C3L-00445-04	Solid Tissue Normal, Solid Tissue Normal
7672e94e-d550-4b54-a181-3a1fbf75e649	f904c392-d979-4951-8c21-3088cee489cd.htseq_counts.txt.gz	Transcriptome Profiling	Gene Expression Quantification	CPTAC-3	C3L-02508	C3L-02508-04	Solid Tissue Normal
b582d879-04ae-47b1-9c40-fd18c631fec5	20f18495-7bd3-44e7-ba71-48a46296a85f.htseq_counts.txt.gz	Transcriptome Profiling	Gene Expression Quantification	CPTAC-3	C3L-02508	C3L-02508-02	Primary Tumor
493779b6-8f44-4ec8-9a38-a509f21dc379	c5323e1d-db9b-4351-8706-b94762b581ec.htseq_counts.txt.gz	Transcriptome Profiling	Gene Expression Quantification	CPTAC-3	C3L-02648	C3L-02648-02	Primary Tumor
28310a04-e00f-41a8-9050-49df75063c52	fcb72e5e-287b-44d7-8161-70f49e531be9.htseq_counts.txt.gz	Transcriptome Profiling	Gene Expression Quantification	CPTAC-3	C3L-02130	C3L-02130-01	Primary Tumor
528ad17a-fec1-4ba4-9c27-d7c2ca90a7e7	09a94b02-cadd-469e-a28a-7c08735dc4ef.htseq_counts.txt.gz	Transcriptome Profiling	Gene Expression Quantification	CPTAC-3	C3L-00603	C3L-00603-06	Solid Tissue Normal
1b7a5bf5-bbea-4fd8-9033-728c08216b7e	14a51146-7cad-4bce-939a-95a1d6e9da58.htseq_counts.txt.gz	Transcriptome Profiling	Gene Expression Quantification	CPTAC-3	C3L-00263, C3L-00263	C3L-00263-05, C3L-00263-04	Primary Tumor, Primary Tumor
bafee0ff-c506-435d-b1ee-b7ffa924e566	2a0e7947-63a7-4b98-b608-c54200eb02a0.htseq_counts.txt.gz	Transcriptome Profiling	Gene Expression Quantification	CPTAC-3	C3N-02424	C3N-02424-03	Solid Tissue Normal
a56757a0-5299-4866-b272-4edd63efa9e0	1bd8f5d1-5f79-4b88-aa1d-268ef70e74ed.htseq_counts.txt.gz	Transcriptome Profiling	Gene Expression Quantification	CPTAC-3	C3L-02219	C3L-02219-06	Solid Tissue Normal
1d6880c7-5988-41f7-ac64-da198c72e407	ba1207f0-7856-42a1-87c3-a180d7d4ce10.htseq_counts.txt.gz	Transcriptome Profiling	Gene Expression Quantification	CPTAC-3	C3N-03051	C3N-03051-03	Solid Tissue Normal
a89787aa-1890-45b9-8988-a2126d2d213b	3ef7d1d9-036d-4bac-b43a-37c52e62da8c.htseq_counts.txt.gz	Transcriptome Profiling	Gene Expression Quantification	CPTAC-3	C3L-00604	C3L-00604-06	Solid Tissue Normal
5c1a11c6-3def-4645-ba04-ef3186e4d88a	759df8db-df79-44da-9d26-0fc16b25ccc6.htseq_counts.txt.gz	Transcriptome Profiling	Gene Expression Quantification	CPTAC-3	C3L-03962	C3L-03962-03	Primary Tumor
eba6f263-e8d7-48c9-bf87-67e29a79a07e	b436d96e-f57f-43a4-a711-4ea92450e8ac.htseq_counts.txt.gz	Transcriptome Profiling	Gene Expression Quantification	CPTAC-3	C3N-00549, C3N-00549	C3N-00549-07, C3N-00549-06	Solid Tissue Normal, Solid Tissue Normal
86f37ef3-a0fc-4a2b-bcb1-0656d20cf0fa	b2d3e2a0-61ec-49dd-84ad-8995a7c46789.htseq_counts.txt.gz	Transcriptome Profiling	Gene Expression Quantification	CPTAC-3	C3L-02964	C3L-02964-06	Solid Tissue Normal
5332aded-744f-4f56-ad3e-5342c84edabb	c4a19ed7-ac24-4b98-b911-d36b3e0e29eb.htseq_counts.txt.gz	Transcriptome Profiling	Gene Expression Quantification	CPTAC-3	C3L-00144	C3L-00144-06	Solid Tissue Normal
b7808c88-6e1d-4e97-b852-264aebd29025	d0ca4e5a-5b34-47a8-a6e4-944a3c893b36.htseq_counts.txt.gz	Transcriptome Profiling	Gene Expression Quantification	CPTAC-3	C3L-00510	C3L-00510-04	Solid Tissue Normal
999ade41-77f7-4ecc-b996-a90053bf6200	40f0d717-1630-4310-ac3c-ea3c3b8d5676.htseq_counts.txt.gz	Transcriptome Profiling	Gene Expression Quantification	CPTAC-3	C3N-02675	C3N-02675-07	Solid Tissue Normal
3e6718df-9fc5-4b0a-b4f0-28ed256363a0	71ec1f88-a45b-48bc-91b9-086fc7618477.htseq_counts.txt.gz	Transcriptome Profiling	Gene Expression Quantification	CPTAC-3	C3N-00556	C3N-00556-06	Solid Tissue Normal
d1986688-d17e-4275-bd7c-6dc9a0780fde	d9135547-1843-44dc-b522-fe571273a87e.htseq_counts.txt.gz	Transcriptome Profiling	Gene Expression Quantification	CPTAC-3	C3N-02587	C3N-02587-03	Solid Tissue Normal
2ca2da94-e69f-4c96-87a3-119eb752dc09	a6d40d11-8026-42ef-b9e3-c5b7be9ec334.htseq_counts.txt.gz	Transcriptome Profiling	Gene Expression Quantification	CPTAC-3	C3N-02288	C3N-02288-03	Primary Tumor
ab72326d-7f42-46bb-8e08-5d886a1260b5	e7a3b5b0-d1b6-47a0-b517-8c7be94663dd.htseq_counts.txt.gz	Transcriptome Profiling	Gene Expression Quantification	CPTAC-3	C3N-02572	C3N-02572-03	Solid Tissue Normal
d8b659f4-57b1-4c9e-9759-dd640a4792de	6d8b0340-cfbb-4761-9f70-e78e65e7a06d.htseq_counts.txt.gz	Transcriptome Profiling	Gene Expression Quantification	CPTAC-3	C3L-00001	C3L-00001-02	Primary Tumor
